image,mask
image\1.jpg,mask\1.jpg
image\10.jpg,mask\10.jpg
image\100.jpg,mask\100.jpg
image\1000.jpg,mask\1000.jpg
image\1001.jpg,mask\1001.jpg
image\1002.jpg,mask\1002.jpg
image\1003.jpg,mask\1003.jpg
image\1004.jpg,mask\1004.jpg
image\1005.jpg,mask\1005.jpg
image\1006.jpg,mask\1006.jpg
image\1007.jpg,mask\1007.jpg
image\1008.jpg,mask\1008.jpg
image\1009.jpg,mask\1009.jpg
image\101.jpg,mask\101.jpg
image\1010.jpg,mask\1010.jpg
image\1011.jpg,mask\1011.jpg
image\1012.jpg,mask\1012.jpg
image\1013.jpg,mask\1013.jpg
image\1014.jpg,mask\1014.jpg
image\1015.jpg,mask\1015.jpg
image\1016.jpg,mask\1016.jpg
image\1017.jpg,mask\1017.jpg
image\1018.jpg,mask\1018.jpg
image\1019.jpg,mask\1019.jpg
image\102.jpg,mask\102.jpg
image\1020.jpg,mask\1020.jpg
image\1021.jpg,mask\1021.jpg
image\1022.jpg,mask\1022.jpg
image\1023.jpg,mask\1023.jpg
image\1024.jpg,mask\1024.jpg
image\1025.jpg,mask\1025.jpg
image\1026.jpg,mask\1026.jpg
image\1027.jpg,mask\1027.jpg
image\1028.jpg,mask\1028.jpg
image\1029.jpg,mask\1029.jpg
image\103.jpg,mask\103.jpg
image\1030.jpg,mask\1030.jpg
image\1031.jpg,mask\1031.jpg
image\1032.jpg,mask\1032.jpg
image\1033.jpg,mask\1033.jpg
image\1034.jpg,mask\1034.jpg
image\1035.jpg,mask\1035.jpg
image\1036.jpg,mask\1036.jpg
image\1037.jpg,mask\1037.jpg
image\1038.jpg,mask\1038.jpg
image\1039.jpg,mask\1039.jpg
image\104.jpg,mask\104.jpg
image\1040.jpg,mask\1040.jpg
image\1041.jpg,mask\1041.jpg
image\1042.jpg,mask\1042.jpg
image\1043.jpg,mask\1043.jpg
image\1044.jpg,mask\1044.jpg
image\1045.jpg,mask\1045.jpg
image\1046.jpg,mask\1046.jpg
image\1047.jpg,mask\1047.jpg
image\1048.jpg,mask\1048.jpg
image\1049.jpg,mask\1049.jpg
image\105.jpg,mask\105.jpg
image\1050.jpg,mask\1050.jpg
image\1051.jpg,mask\1051.jpg
image\1052.jpg,mask\1052.jpg
image\1053.jpg,mask\1053.jpg
image\1054.jpg,mask\1054.jpg
image\1055.jpg,mask\1055.jpg
image\1056.jpg,mask\1056.jpg
image\1057.jpg,mask\1057.jpg
image\1058.jpg,mask\1058.jpg
image\1059.jpg,mask\1059.jpg
image\106.jpg,mask\106.jpg
image\1060.jpg,mask\1060.jpg
image\1061.jpg,mask\1061.jpg
image\1062.jpg,mask\1062.jpg
image\1063.jpg,mask\1063.jpg
image\1064.jpg,mask\1064.jpg
image\1065.jpg,mask\1065.jpg
image\1066.jpg,mask\1066.jpg
image\1067.jpg,mask\1067.jpg
image\1068.jpg,mask\1068.jpg
image\1069.jpg,mask\1069.jpg
image\107.jpg,mask\107.jpg
image\1070.jpg,mask\1070.jpg
image\1071.jpg,mask\1071.jpg
image\1072.jpg,mask\1072.jpg
image\1073.jpg,mask\1073.jpg
image\1074.jpg,mask\1074.jpg
image\1075.jpg,mask\1075.jpg
image\1076.jpg,mask\1076.jpg
image\1077.jpg,mask\1077.jpg
image\1078.jpg,mask\1078.jpg
image\1079.jpg,mask\1079.jpg
image\108.jpg,mask\108.jpg
image\1080.jpg,mask\1080.jpg
image\1081.jpg,mask\1081.jpg
image\1082.jpg,mask\1082.jpg
image\1083.jpg,mask\1083.jpg
image\1084.jpg,mask\1084.jpg
image\1085.jpg,mask\1085.jpg
image\1086.jpg,mask\1086.jpg
image\1087.jpg,mask\1087.jpg
image\1088.jpg,mask\1088.jpg
image\1089.jpg,mask\1089.jpg
image\109.jpg,mask\109.jpg
image\1090.jpg,mask\1090.jpg
image\1091.jpg,mask\1091.jpg
image\1092.jpg,mask\1092.jpg
image\1093.jpg,mask\1093.jpg
image\1094.jpg,mask\1094.jpg
image\1095.jpg,mask\1095.jpg
image\1096.jpg,mask\1096.jpg
image\1097.jpg,mask\1097.jpg
image\1098.jpg,mask\1098.jpg
image\1099.jpg,mask\1099.jpg
image\11.jpg,mask\11.jpg
image\110.jpg,mask\110.jpg
image\1100.jpg,mask\1100.jpg
image\1101.jpg,mask\1101.jpg
image\1102.jpg,mask\1102.jpg
image\1103.jpg,mask\1103.jpg
image\1104.jpg,mask\1104.jpg
image\1105.jpg,mask\1105.jpg
image\1106.jpg,mask\1106.jpg
image\1107.jpg,mask\1107.jpg
image\1108.jpg,mask\1108.jpg
image\1109.jpg,mask\1109.jpg
image\111.jpg,mask\111.jpg
image\1110.jpg,mask\1110.jpg
image\1111.jpg,mask\1111.jpg
image\1112.jpg,mask\1112.jpg
image\1113.jpg,mask\1113.jpg
image\1114.jpg,mask\1114.jpg
image\1115.jpg,mask\1115.jpg
image\1116.jpg,mask\1116.jpg
image\1117.jpg,mask\1117.jpg
image\1118.jpg,mask\1118.jpg
image\1119.jpg,mask\1119.jpg
image\112.jpg,mask\112.jpg
image\1120.jpg,mask\1120.jpg
image\1121.jpg,mask\1121.jpg
image\1122.jpg,mask\1122.jpg
image\1123.jpg,mask\1123.jpg
image\1124.jpg,mask\1124.jpg
image\1125.jpg,mask\1125.jpg
image\1126.jpg,mask\1126.jpg
image\1127.jpg,mask\1127.jpg
image\1128.jpg,mask\1128.jpg
image\1129.jpg,mask\1129.jpg
image\113.jpg,mask\113.jpg
image\1130.jpg,mask\1130.jpg
image\1131.jpg,mask\1131.jpg
image\1132.jpg,mask\1132.jpg
image\1133.jpg,mask\1133.jpg
image\1134.jpg,mask\1134.jpg
image\1135.jpg,mask\1135.jpg
image\1136.jpg,mask\1136.jpg
image\1137.jpg,mask\1137.jpg
image\1138.jpg,mask\1138.jpg
image\1139.jpg,mask\1139.jpg
image\114.jpg,mask\114.jpg
image\1140.jpg,mask\1140.jpg
image\1141.jpg,mask\1141.jpg
image\1142.jpg,mask\1142.jpg
image\1143.jpg,mask\1143.jpg
image\1144.jpg,mask\1144.jpg
image\1145.jpg,mask\1145.jpg
image\1146.jpg,mask\1146.jpg
image\1147.jpg,mask\1147.jpg
image\1148.jpg,mask\1148.jpg
image\1149.jpg,mask\1149.jpg
image\115.jpg,mask\115.jpg
image\1150.jpg,mask\1150.jpg
image\1151.jpg,mask\1151.jpg
image\1152.jpg,mask\1152.jpg
image\1153.jpg,mask\1153.jpg
image\1154.jpg,mask\1154.jpg
image\1155.jpg,mask\1155.jpg
image\1156.jpg,mask\1156.jpg
image\1157.jpg,mask\1157.jpg
image\1158.jpg,mask\1158.jpg
image\1159.jpg,mask\1159.jpg
image\116.jpg,mask\116.jpg
image\1160.jpg,mask\1160.jpg
image\1161.jpg,mask\1161.jpg
image\1162.jpg,mask\1162.jpg
image\1163.jpg,mask\1163.jpg
image\1164.jpg,mask\1164.jpg
image\1165.jpg,mask\1165.jpg
image\1166.jpg,mask\1166.jpg
image\1167.jpg,mask\1167.jpg
image\1168.jpg,mask\1168.jpg
image\1169.jpg,mask\1169.jpg
image\117.jpg,mask\117.jpg
image\1170.jpg,mask\1170.jpg
image\1171.jpg,mask\1171.jpg
image\1172.jpg,mask\1172.jpg
image\1173.jpg,mask\1173.jpg
image\1174.jpg,mask\1174.jpg
image\1175.jpg,mask\1175.jpg
image\1176.jpg,mask\1176.jpg
image\1177.jpg,mask\1177.jpg
image\1178.jpg,mask\1178.jpg
image\1179.jpg,mask\1179.jpg
image\118.jpg,mask\118.jpg
image\1180.jpg,mask\1180.jpg
image\1181.jpg,mask\1181.jpg
image\1182.jpg,mask\1182.jpg
image\1183.jpg,mask\1183.jpg
image\1184.jpg,mask\1184.jpg
image\1185.jpg,mask\1185.jpg
image\1186.jpg,mask\1186.jpg
image\1187.jpg,mask\1187.jpg
image\1188.jpg,mask\1188.jpg
image\1189.jpg,mask\1189.jpg
image\119.jpg,mask\119.jpg
image\1190.jpg,mask\1190.jpg
image\1191.jpg,mask\1191.jpg
image\1192.jpg,mask\1192.jpg
image\1193.jpg,mask\1193.jpg
image\1194.jpg,mask\1194.jpg
image\1195.jpg,mask\1195.jpg
image\1196.jpg,mask\1196.jpg
image\1197.jpg,mask\1197.jpg
image\1198.jpg,mask\1198.jpg
image\1199.jpg,mask\1199.jpg
image\12.jpg,mask\12.jpg
image\120.jpg,mask\120.jpg
image\1200.jpg,mask\1200.jpg
image\1201.jpg,mask\1201.jpg
image\1202.jpg,mask\1202.jpg
image\1203.jpg,mask\1203.jpg
image\1204.jpg,mask\1204.jpg
image\1205.jpg,mask\1205.jpg
image\1206.jpg,mask\1206.jpg
image\1207.jpg,mask\1207.jpg
image\1208.jpg,mask\1208.jpg
image\1209.jpg,mask\1209.jpg
image\121.jpg,mask\121.jpg
image\1210.jpg,mask\1210.jpg
image\1211.jpg,mask\1211.jpg
image\1212.jpg,mask\1212.jpg
image\1213.jpg,mask\1213.jpg
image\1214.jpg,mask\1214.jpg
image\1215.jpg,mask\1215.jpg
image\1216.jpg,mask\1216.jpg
image\1217.jpg,mask\1217.jpg
image\1218.jpg,mask\1218.jpg
image\1219.jpg,mask\1219.jpg
image\122.jpg,mask\122.jpg
image\1220.jpg,mask\1220.jpg
image\1221.jpg,mask\1221.jpg
image\1222.jpg,mask\1222.jpg
image\1223.jpg,mask\1223.jpg
image\1224.jpg,mask\1224.jpg
image\1225.jpg,mask\1225.jpg
image\1226.jpg,mask\1226.jpg
image\1227.jpg,mask\1227.jpg
image\1228.jpg,mask\1228.jpg
image\1229.jpg,mask\1229.jpg
image\123.jpg,mask\123.jpg
image\1230.jpg,mask\1230.jpg
image\1231.jpg,mask\1231.jpg
image\1232.jpg,mask\1232.jpg
image\1233.jpg,mask\1233.jpg
image\1234.jpg,mask\1234.jpg
image\1235.jpg,mask\1235.jpg
image\1236.jpg,mask\1236.jpg
image\1237.jpg,mask\1237.jpg
image\1238.jpg,mask\1238.jpg
image\1239.jpg,mask\1239.jpg
image\124.jpg,mask\124.jpg
image\1240.jpg,mask\1240.jpg
image\1241.jpg,mask\1241.jpg
image\1242.jpg,mask\1242.jpg
image\1243.jpg,mask\1243.jpg
image\1244.jpg,mask\1244.jpg
image\1245.jpg,mask\1245.jpg
image\1246.jpg,mask\1246.jpg
image\1247.jpg,mask\1247.jpg
image\1248.jpg,mask\1248.jpg
image\1249.jpg,mask\1249.jpg
image\125.jpg,mask\125.jpg
image\1250.jpg,mask\1250.jpg
image\1251.jpg,mask\1251.jpg
image\1252.jpg,mask\1252.jpg
image\1253.jpg,mask\1253.jpg
image\1254.jpg,mask\1254.jpg
image\1255.jpg,mask\1255.jpg
image\1256.jpg,mask\1256.jpg
image\1257.jpg,mask\1257.jpg
image\1258.jpg,mask\1258.jpg
image\1259.jpg,mask\1259.jpg
image\126.jpg,mask\126.jpg
image\1260.jpg,mask\1260.jpg
image\1261.jpg,mask\1261.jpg
image\1262.jpg,mask\1262.jpg
image\1263.jpg,mask\1263.jpg
image\1264.jpg,mask\1264.jpg
image\1265.jpg,mask\1265.jpg
image\1266.jpg,mask\1266.jpg
image\1267.jpg,mask\1267.jpg
image\1268.jpg,mask\1268.jpg
image\1269.jpg,mask\1269.jpg
image\127.jpg,mask\127.jpg
image\1270.jpg,mask\1270.jpg
image\1271.jpg,mask\1271.jpg
image\1272.jpg,mask\1272.jpg
image\1273.jpg,mask\1273.jpg
image\1274.jpg,mask\1274.jpg
image\1275.jpg,mask\1275.jpg
image\1276.jpg,mask\1276.jpg
image\1277.jpg,mask\1277.jpg
image\1278.jpg,mask\1278.jpg
image\1279.jpg,mask\1279.jpg
image\128.jpg,mask\128.jpg
image\1280.jpg,mask\1280.jpg
image\1281.jpg,mask\1281.jpg
image\1282.jpg,mask\1282.jpg
image\1283.jpg,mask\1283.jpg
image\1284.jpg,mask\1284.jpg
image\1285.jpg,mask\1285.jpg
image\1286.jpg,mask\1286.jpg
image\1287.jpg,mask\1287.jpg
image\1288.jpg,mask\1288.jpg
image\1289.jpg,mask\1289.jpg
image\129.jpg,mask\129.jpg
image\1290.jpg,mask\1290.jpg
image\1291.jpg,mask\1291.jpg
image\1292.jpg,mask\1292.jpg
image\1293.jpg,mask\1293.jpg
image\1294.jpg,mask\1294.jpg
image\1295.jpg,mask\1295.jpg
image\1296.jpg,mask\1296.jpg
image\1297.jpg,mask\1297.jpg
image\1298.jpg,mask\1298.jpg
image\1299.jpg,mask\1299.jpg
image\13.jpg,mask\13.jpg
image\130.jpg,mask\130.jpg
image\1300.jpg,mask\1300.jpg
image\1301.jpg,mask\1301.jpg
image\1302.jpg,mask\1302.jpg
image\1303.jpg,mask\1303.jpg
image\1304.jpg,mask\1304.jpg
image\1305.jpg,mask\1305.jpg
image\1306.jpg,mask\1306.jpg
image\1307.jpg,mask\1307.jpg
image\1308.jpg,mask\1308.jpg
image\1309.jpg,mask\1309.jpg
image\131.jpg,mask\131.jpg
image\1310.jpg,mask\1310.jpg
image\1311.jpg,mask\1311.jpg
image\1312.jpg,mask\1312.jpg
image\1313.jpg,mask\1313.jpg
image\1314.jpg,mask\1314.jpg
image\1315.jpg,mask\1315.jpg
image\1316.jpg,mask\1316.jpg
image\1317.jpg,mask\1317.jpg
image\1318.jpg,mask\1318.jpg
image\1319.jpg,mask\1319.jpg
image\132.jpg,mask\132.jpg
image\1320.jpg,mask\1320.jpg
image\1321.jpg,mask\1321.jpg
image\1322.jpg,mask\1322.jpg
image\1323.jpg,mask\1323.jpg
image\1324.jpg,mask\1324.jpg
image\1325.jpg,mask\1325.jpg
image\1326.jpg,mask\1326.jpg
image\1327.jpg,mask\1327.jpg
image\1328.jpg,mask\1328.jpg
image\1329.jpg,mask\1329.jpg
image\133.jpg,mask\133.jpg
image\1330.jpg,mask\1330.jpg
image\1331.jpg,mask\1331.jpg
image\1332.jpg,mask\1332.jpg
image\1333.jpg,mask\1333.jpg
image\1334.jpg,mask\1334.jpg
image\1335.jpg,mask\1335.jpg
image\1336.jpg,mask\1336.jpg
image\1337.jpg,mask\1337.jpg
image\1338.jpg,mask\1338.jpg
image\1339.jpg,mask\1339.jpg
image\134.jpg,mask\134.jpg
image\1340.jpg,mask\1340.jpg
image\1341.jpg,mask\1341.jpg
image\1342.jpg,mask\1342.jpg
image\1343.jpg,mask\1343.jpg
image\1344.jpg,mask\1344.jpg
image\1345.jpg,mask\1345.jpg
image\1346.jpg,mask\1346.jpg
image\1347.jpg,mask\1347.jpg
image\1348.jpg,mask\1348.jpg
image\1349.jpg,mask\1349.jpg
image\135.jpg,mask\135.jpg
image\1350.jpg,mask\1350.jpg
image\1351.jpg,mask\1351.jpg
image\1352.jpg,mask\1352.jpg
image\1353.jpg,mask\1353.jpg
image\1354.jpg,mask\1354.jpg
image\1355.jpg,mask\1355.jpg
image\1356.jpg,mask\1356.jpg
image\1357.jpg,mask\1357.jpg
image\1358.jpg,mask\1358.jpg
image\1359.jpg,mask\1359.jpg
image\136.jpg,mask\136.jpg
image\1360.jpg,mask\1360.jpg
image\1361.jpg,mask\1361.jpg
image\1362.jpg,mask\1362.jpg
image\1363.jpg,mask\1363.jpg
image\1364.jpg,mask\1364.jpg
image\1365.jpg,mask\1365.jpg
image\1366.jpg,mask\1366.jpg
image\1367.jpg,mask\1367.jpg
image\1368.jpg,mask\1368.jpg
image\1369.jpg,mask\1369.jpg
image\137.jpg,mask\137.jpg
image\1370.jpg,mask\1370.jpg
image\1371.jpg,mask\1371.jpg
image\1372.jpg,mask\1372.jpg
image\1373.jpg,mask\1373.jpg
image\1374.jpg,mask\1374.jpg
image\1375.jpg,mask\1375.jpg
image\1376.jpg,mask\1376.jpg
image\1377.jpg,mask\1377.jpg
image\1378.jpg,mask\1378.jpg
image\1379.jpg,mask\1379.jpg
image\138.jpg,mask\138.jpg
image\1380.jpg,mask\1380.jpg
image\1381.jpg,mask\1381.jpg
image\1382.jpg,mask\1382.jpg
image\1383.jpg,mask\1383.jpg
image\1384.jpg,mask\1384.jpg
image\1385.jpg,mask\1385.jpg
image\1386.jpg,mask\1386.jpg
image\1387.jpg,mask\1387.jpg
image\1388.jpg,mask\1388.jpg
image\1389.jpg,mask\1389.jpg
image\139.jpg,mask\139.jpg
image\1390.jpg,mask\1390.jpg
image\1391.jpg,mask\1391.jpg
image\1392.jpg,mask\1392.jpg
image\1393.jpg,mask\1393.jpg
image\1394.jpg,mask\1394.jpg
image\1395.jpg,mask\1395.jpg
image\1396.jpg,mask\1396.jpg
image\1397.jpg,mask\1397.jpg
image\1398.jpg,mask\1398.jpg
image\1399.jpg,mask\1399.jpg
image\14.jpg,mask\14.jpg
image\140.jpg,mask\140.jpg
image\1400.jpg,mask\1400.jpg
image\1401.jpg,mask\1401.jpg
image\1402.jpg,mask\1402.jpg
image\1403.jpg,mask\1403.jpg
image\1404.jpg,mask\1404.jpg
image\1405.jpg,mask\1405.jpg
image\1406.jpg,mask\1406.jpg
image\1407.jpg,mask\1407.jpg
image\1408.jpg,mask\1408.jpg
image\1409.jpg,mask\1409.jpg
image\141.jpg,mask\141.jpg
image\1410.jpg,mask\1410.jpg
image\1411.jpg,mask\1411.jpg
image\1412.jpg,mask\1412.jpg
image\1413.jpg,mask\1413.jpg
image\1414.jpg,mask\1414.jpg
image\1415.jpg,mask\1415.jpg
image\1416.jpg,mask\1416.jpg
image\1417.jpg,mask\1417.jpg
image\1418.jpg,mask\1418.jpg
image\1419.jpg,mask\1419.jpg
image\142.jpg,mask\142.jpg
image\1420.jpg,mask\1420.jpg
image\1421.jpg,mask\1421.jpg
image\1422.jpg,mask\1422.jpg
image\1423.jpg,mask\1423.jpg
image\1424.jpg,mask\1424.jpg
image\1425.jpg,mask\1425.jpg
image\1426.jpg,mask\1426.jpg
image\1427.jpg,mask\1427.jpg
image\1428.jpg,mask\1428.jpg
image\1429.jpg,mask\1429.jpg
image\143.jpg,mask\143.jpg
image\1430.jpg,mask\1430.jpg
image\1431.jpg,mask\1431.jpg
image\1432.jpg,mask\1432.jpg
image\1433.jpg,mask\1433.jpg
image\1434.jpg,mask\1434.jpg
image\1435.jpg,mask\1435.jpg
image\1436.jpg,mask\1436.jpg
image\1437.jpg,mask\1437.jpg
image\1438.jpg,mask\1438.jpg
image\1439.jpg,mask\1439.jpg
image\144.jpg,mask\144.jpg
image\1440.jpg,mask\1440.jpg
image\1441.jpg,mask\1441.jpg
image\1442.jpg,mask\1442.jpg
image\1443.jpg,mask\1443.jpg
image\1444.jpg,mask\1444.jpg
image\1445.jpg,mask\1445.jpg
image\1446.jpg,mask\1446.jpg
image\1447.jpg,mask\1447.jpg
image\1448.jpg,mask\1448.jpg
image\1449.jpg,mask\1449.jpg
image\145.jpg,mask\145.jpg
image\1450.jpg,mask\1450.jpg
image\1451.jpg,mask\1451.jpg
image\1452.jpg,mask\1452.jpg
image\1453.jpg,mask\1453.jpg
image\1454.jpg,mask\1454.jpg
image\1455.jpg,mask\1455.jpg
image\1456.jpg,mask\1456.jpg
image\1457.jpg,mask\1457.jpg
image\1458.jpg,mask\1458.jpg
image\1459.jpg,mask\1459.jpg
image\146.jpg,mask\146.jpg
image\1460.jpg,mask\1460.jpg
image\1461.jpg,mask\1461.jpg
image\1462.jpg,mask\1462.jpg
image\1463.jpg,mask\1463.jpg
image\1464.jpg,mask\1464.jpg
image\1465.jpg,mask\1465.jpg
image\1466.jpg,mask\1466.jpg
image\1467.jpg,mask\1467.jpg
image\1468.jpg,mask\1468.jpg
image\1469.jpg,mask\1469.jpg
image\147.jpg,mask\147.jpg
image\1470.jpg,mask\1470.jpg
image\1471.jpg,mask\1471.jpg
image\1472.jpg,mask\1472.jpg
image\1473.jpg,mask\1473.jpg
image\1474.jpg,mask\1474.jpg
image\1475.jpg,mask\1475.jpg
image\1476.jpg,mask\1476.jpg
image\1477.jpg,mask\1477.jpg
image\1478.jpg,mask\1478.jpg
image\1479.jpg,mask\1479.jpg
image\148.jpg,mask\148.jpg
image\1480.jpg,mask\1480.jpg
image\1481.jpg,mask\1481.jpg
image\1482.jpg,mask\1482.jpg
image\1483.jpg,mask\1483.jpg
image\1484.jpg,mask\1484.jpg
image\1485.jpg,mask\1485.jpg
image\1486.jpg,mask\1486.jpg
image\1487.jpg,mask\1487.jpg
image\1488.jpg,mask\1488.jpg
image\1489.jpg,mask\1489.jpg
image\149.jpg,mask\149.jpg
image\1490.jpg,mask\1490.jpg
image\1491.jpg,mask\1491.jpg
image\1492.jpg,mask\1492.jpg
image\1493.jpg,mask\1493.jpg
image\1494.jpg,mask\1494.jpg
image\1495.jpg,mask\1495.jpg
image\1496.jpg,mask\1496.jpg
image\1497.jpg,mask\1497.jpg
image\1498.jpg,mask\1498.jpg
image\1499.jpg,mask\1499.jpg
image\15.jpg,mask\15.jpg
image\150.jpg,mask\150.jpg
image\1500.jpg,mask\1500.jpg
image\1501.jpg,mask\1501.jpg
image\1502.jpg,mask\1502.jpg
image\1503.jpg,mask\1503.jpg
image\1504.jpg,mask\1504.jpg
image\1505.jpg,mask\1505.jpg
image\1506.jpg,mask\1506.jpg
image\1507.jpg,mask\1507.jpg
image\1508.jpg,mask\1508.jpg
image\1509.jpg,mask\1509.jpg
image\151.jpg,mask\151.jpg
image\1510.jpg,mask\1510.jpg
image\1511.jpg,mask\1511.jpg
image\1512.jpg,mask\1512.jpg
image\1513.jpg,mask\1513.jpg
image\1514.jpg,mask\1514.jpg
image\1515.jpg,mask\1515.jpg
image\1516.jpg,mask\1516.jpg
image\1517.jpg,mask\1517.jpg
image\1518.jpg,mask\1518.jpg
image\1519.jpg,mask\1519.jpg
image\152.jpg,mask\152.jpg
image\1520.jpg,mask\1520.jpg
image\1521.jpg,mask\1521.jpg
image\1522.jpg,mask\1522.jpg
image\1523.jpg,mask\1523.jpg
image\1524.jpg,mask\1524.jpg
image\1525.jpg,mask\1525.jpg
image\1526.jpg,mask\1526.jpg
image\1527.jpg,mask\1527.jpg
image\1528.jpg,mask\1528.jpg
image\1529.jpg,mask\1529.jpg
image\153.jpg,mask\153.jpg
image\1530.jpg,mask\1530.jpg
image\1531.jpg,mask\1531.jpg
image\1532.jpg,mask\1532.jpg
image\1533.jpg,mask\1533.jpg
image\1534.jpg,mask\1534.jpg
image\1535.jpg,mask\1535.jpg
image\1536.jpg,mask\1536.jpg
image\1537.jpg,mask\1537.jpg
image\1538.jpg,mask\1538.jpg
image\1539.jpg,mask\1539.jpg
image\154.jpg,mask\154.jpg
image\1540.jpg,mask\1540.jpg
image\1541.jpg,mask\1541.jpg
image\1542.jpg,mask\1542.jpg
image\1543.jpg,mask\1543.jpg
image\1544.jpg,mask\1544.jpg
image\1545.jpg,mask\1545.jpg
image\1546.jpg,mask\1546.jpg
image\1547.jpg,mask\1547.jpg
image\1548.jpg,mask\1548.jpg
image\1549.jpg,mask\1549.jpg
image\155.jpg,mask\155.jpg
image\1550.jpg,mask\1550.jpg
image\1551.jpg,mask\1551.jpg
image\1552.jpg,mask\1552.jpg
image\1553.jpg,mask\1553.jpg
image\1554.jpg,mask\1554.jpg
image\1555.jpg,mask\1555.jpg
image\1556.jpg,mask\1556.jpg
image\1557.jpg,mask\1557.jpg
image\1558.jpg,mask\1558.jpg
image\1559.jpg,mask\1559.jpg
image\156.jpg,mask\156.jpg
image\1560.jpg,mask\1560.jpg
image\1561.jpg,mask\1561.jpg
image\1562.jpg,mask\1562.jpg
image\1563.jpg,mask\1563.jpg
image\1564.jpg,mask\1564.jpg
image\1565.jpg,mask\1565.jpg
image\1566.jpg,mask\1566.jpg
image\1567.jpg,mask\1567.jpg
image\1568.jpg,mask\1568.jpg
image\1569.jpg,mask\1569.jpg
image\157.jpg,mask\157.jpg
image\1570.jpg,mask\1570.jpg
image\1571.jpg,mask\1571.jpg
image\1572.jpg,mask\1572.jpg
image\1573.jpg,mask\1573.jpg
image\1574.jpg,mask\1574.jpg
image\1575.jpg,mask\1575.jpg
image\1576.jpg,mask\1576.jpg
image\1577.jpg,mask\1577.jpg
image\1578.jpg,mask\1578.jpg
image\1579.jpg,mask\1579.jpg
image\158.jpg,mask\158.jpg
image\1580.jpg,mask\1580.jpg
image\1581.jpg,mask\1581.jpg
image\1582.jpg,mask\1582.jpg
image\1583.jpg,mask\1583.jpg
image\1584.jpg,mask\1584.jpg
image\1585.jpg,mask\1585.jpg
image\1586.jpg,mask\1586.jpg
image\1587.jpg,mask\1587.jpg
image\1588.jpg,mask\1588.jpg
image\1589.jpg,mask\1589.jpg
image\159.jpg,mask\159.jpg
image\1590.jpg,mask\1590.jpg
image\1591.jpg,mask\1591.jpg
image\1592.jpg,mask\1592.jpg
image\1593.jpg,mask\1593.jpg
image\1594.jpg,mask\1594.jpg
image\1595.jpg,mask\1595.jpg
image\1596.jpg,mask\1596.jpg
image\1597.jpg,mask\1597.jpg
image\1598.jpg,mask\1598.jpg
image\1599.jpg,mask\1599.jpg
image\16.jpg,mask\16.jpg
image\160.jpg,mask\160.jpg
image\1600.jpg,mask\1600.jpg
image\1601.jpg,mask\1601.jpg
image\1602.jpg,mask\1602.jpg
image\1603.jpg,mask\1603.jpg
image\1604.jpg,mask\1604.jpg
image\1605.jpg,mask\1605.jpg
image\1606.jpg,mask\1606.jpg
image\1607.jpg,mask\1607.jpg
image\1608.jpg,mask\1608.jpg
image\1609.jpg,mask\1609.jpg
image\161.jpg,mask\161.jpg
image\1610.jpg,mask\1610.jpg
image\1611.jpg,mask\1611.jpg
image\1612.jpg,mask\1612.jpg
image\1613.jpg,mask\1613.jpg
image\1614.jpg,mask\1614.jpg
image\1615.jpg,mask\1615.jpg
image\1616.jpg,mask\1616.jpg
image\1617.jpg,mask\1617.jpg
image\1618.jpg,mask\1618.jpg
image\1619.jpg,mask\1619.jpg
image\162.jpg,mask\162.jpg
image\1620.jpg,mask\1620.jpg
image\1621.jpg,mask\1621.jpg
image\1622.jpg,mask\1622.jpg
image\1623.jpg,mask\1623.jpg
image\1624.jpg,mask\1624.jpg
image\1625.jpg,mask\1625.jpg
image\1626.jpg,mask\1626.jpg
image\1627.jpg,mask\1627.jpg
image\1628.jpg,mask\1628.jpg
image\1629.jpg,mask\1629.jpg
image\163.jpg,mask\163.jpg
image\1630.jpg,mask\1630.jpg
image\1631.jpg,mask\1631.jpg
image\1632.jpg,mask\1632.jpg
image\1633.jpg,mask\1633.jpg
image\1634.jpg,mask\1634.jpg
image\1635.jpg,mask\1635.jpg
image\1636.jpg,mask\1636.jpg
image\1637.jpg,mask\1637.jpg
image\1638.jpg,mask\1638.jpg
image\1639.jpg,mask\1639.jpg
image\164.jpg,mask\164.jpg
image\1640.jpg,mask\1640.jpg
image\1641.jpg,mask\1641.jpg
image\1642.jpg,mask\1642.jpg
image\1643.jpg,mask\1643.jpg
image\1644.jpg,mask\1644.jpg
image\1645.jpg,mask\1645.jpg
image\1646.jpg,mask\1646.jpg
image\1647.jpg,mask\1647.jpg
image\1648.jpg,mask\1648.jpg
image\1649.jpg,mask\1649.jpg
image\165.jpg,mask\165.jpg
image\1650.jpg,mask\1650.jpg
image\1651.jpg,mask\1651.jpg
image\1652.jpg,mask\1652.jpg
image\1653.jpg,mask\1653.jpg
image\1654.jpg,mask\1654.jpg
image\1655.jpg,mask\1655.jpg
image\1656.jpg,mask\1656.jpg
image\1657.jpg,mask\1657.jpg
image\1658.jpg,mask\1658.jpg
image\1659.jpg,mask\1659.jpg
image\166.jpg,mask\166.jpg
image\1660.jpg,mask\1660.jpg
image\1661.jpg,mask\1661.jpg
image\1662.jpg,mask\1662.jpg
image\1663.jpg,mask\1663.jpg
image\1664.jpg,mask\1664.jpg
image\1665.jpg,mask\1665.jpg
image\1666.jpg,mask\1666.jpg
image\1667.jpg,mask\1667.jpg
image\1668.jpg,mask\1668.jpg
image\1669.jpg,mask\1669.jpg
image\167.jpg,mask\167.jpg
image\1670.jpg,mask\1670.jpg
image\1671.jpg,mask\1671.jpg
image\1672.jpg,mask\1672.jpg
image\1673.jpg,mask\1673.jpg
image\1674.jpg,mask\1674.jpg
image\1675.jpg,mask\1675.jpg
image\1676.jpg,mask\1676.jpg
image\1677.jpg,mask\1677.jpg
image\1678.jpg,mask\1678.jpg
image\1679.jpg,mask\1679.jpg
image\168.jpg,mask\168.jpg
image\1680.jpg,mask\1680.jpg
image\1681.jpg,mask\1681.jpg
image\1682.jpg,mask\1682.jpg
image\1683.jpg,mask\1683.jpg
image\1684.jpg,mask\1684.jpg
image\1685.jpg,mask\1685.jpg
image\1686.jpg,mask\1686.jpg
image\1687.jpg,mask\1687.jpg
image\1688.jpg,mask\1688.jpg
image\1689.jpg,mask\1689.jpg
image\169.jpg,mask\169.jpg
image\1690.jpg,mask\1690.jpg
image\1691.jpg,mask\1691.jpg
image\1692.jpg,mask\1692.jpg
image\1693.jpg,mask\1693.jpg
image\1694.jpg,mask\1694.jpg
image\1695.jpg,mask\1695.jpg
image\1696.jpg,mask\1696.jpg
image\1697.jpg,mask\1697.jpg
image\1698.jpg,mask\1698.jpg
image\1699.jpg,mask\1699.jpg
image\17.jpg,mask\17.jpg
image\170.jpg,mask\170.jpg
image\1700.jpg,mask\1700.jpg
image\1701.jpg,mask\1701.jpg
image\1702.jpg,mask\1702.jpg
image\1703.jpg,mask\1703.jpg
image\1704.jpg,mask\1704.jpg
image\1705.jpg,mask\1705.jpg
image\1706.jpg,mask\1706.jpg
image\1707.jpg,mask\1707.jpg
image\1708.jpg,mask\1708.jpg
image\1709.jpg,mask\1709.jpg
image\171.jpg,mask\171.jpg
image\1710.jpg,mask\1710.jpg
image\1711.jpg,mask\1711.jpg
image\1712.jpg,mask\1712.jpg
image\1713.jpg,mask\1713.jpg
image\1714.jpg,mask\1714.jpg
image\1715.jpg,mask\1715.jpg
image\1716.jpg,mask\1716.jpg
image\1717.jpg,mask\1717.jpg
image\1718.jpg,mask\1718.jpg
image\1719.jpg,mask\1719.jpg
image\172.jpg,mask\172.jpg
image\1720.jpg,mask\1720.jpg
image\1721.jpg,mask\1721.jpg
image\1722.jpg,mask\1722.jpg
image\1723.jpg,mask\1723.jpg
image\1724.jpg,mask\1724.jpg
image\1725.jpg,mask\1725.jpg
image\1726.jpg,mask\1726.jpg
image\1727.jpg,mask\1727.jpg
image\1728.jpg,mask\1728.jpg
image\1729.jpg,mask\1729.jpg
image\173.jpg,mask\173.jpg
image\1730.jpg,mask\1730.jpg
image\1731.jpg,mask\1731.jpg
image\1732.jpg,mask\1732.jpg
image\1733.jpg,mask\1733.jpg
image\1734.jpg,mask\1734.jpg
image\1735.jpg,mask\1735.jpg
image\1736.jpg,mask\1736.jpg
image\1737.jpg,mask\1737.jpg
image\1738.jpg,mask\1738.jpg
image\1739.jpg,mask\1739.jpg
image\174.jpg,mask\174.jpg
image\1740.jpg,mask\1740.jpg
image\1741.jpg,mask\1741.jpg
image\1742.jpg,mask\1742.jpg
image\1743.jpg,mask\1743.jpg
image\1744.jpg,mask\1744.jpg
image\1745.jpg,mask\1745.jpg
image\1746.jpg,mask\1746.jpg
image\1747.jpg,mask\1747.jpg
image\1748.jpg,mask\1748.jpg
image\1749.jpg,mask\1749.jpg
image\175.jpg,mask\175.jpg
image\1750.jpg,mask\1750.jpg
image\1751.jpg,mask\1751.jpg
image\1752.jpg,mask\1752.jpg
image\1753.jpg,mask\1753.jpg
image\1754.jpg,mask\1754.jpg
image\1755.jpg,mask\1755.jpg
image\1756.jpg,mask\1756.jpg
image\1757.jpg,mask\1757.jpg
image\1758.jpg,mask\1758.jpg
image\1759.jpg,mask\1759.jpg
image\176.jpg,mask\176.jpg
image\1760.jpg,mask\1760.jpg
image\1761.jpg,mask\1761.jpg
image\1762.jpg,mask\1762.jpg
image\1763.jpg,mask\1763.jpg
image\1764.jpg,mask\1764.jpg
image\1765.jpg,mask\1765.jpg
image\1766.jpg,mask\1766.jpg
image\1767.jpg,mask\1767.jpg
image\1768.jpg,mask\1768.jpg
image\1769.jpg,mask\1769.jpg
image\177.jpg,mask\177.jpg
image\1770.jpg,mask\1770.jpg
image\1771.jpg,mask\1771.jpg
image\1772.jpg,mask\1772.jpg
image\1773.jpg,mask\1773.jpg
image\1774.jpg,mask\1774.jpg
image\1775.jpg,mask\1775.jpg
image\1776.jpg,mask\1776.jpg
image\1777.jpg,mask\1777.jpg
image\1778.jpg,mask\1778.jpg
image\1779.jpg,mask\1779.jpg
image\178.jpg,mask\178.jpg
image\1780.jpg,mask\1780.jpg
image\1781.jpg,mask\1781.jpg
image\1782.jpg,mask\1782.jpg
image\1783.jpg,mask\1783.jpg
image\1784.jpg,mask\1784.jpg
image\1785.jpg,mask\1785.jpg
image\1786.jpg,mask\1786.jpg
image\1787.jpg,mask\1787.jpg
image\1788.jpg,mask\1788.jpg
image\1789.jpg,mask\1789.jpg
image\179.jpg,mask\179.jpg
image\1790.jpg,mask\1790.jpg
image\1791.jpg,mask\1791.jpg
image\1792.jpg,mask\1792.jpg
image\1793.jpg,mask\1793.jpg
image\1794.jpg,mask\1794.jpg
image\1795.jpg,mask\1795.jpg
image\1796.jpg,mask\1796.jpg
image\1797.jpg,mask\1797.jpg
image\1798.jpg,mask\1798.jpg
image\1799.jpg,mask\1799.jpg
image\18.jpg,mask\18.jpg
image\180.jpg,mask\180.jpg
image\1800.jpg,mask\1800.jpg
image\1801.jpg,mask\1801.jpg
image\1802.jpg,mask\1802.jpg
image\1803.jpg,mask\1803.jpg
image\1804.jpg,mask\1804.jpg
image\1805.jpg,mask\1805.jpg
image\1806.jpg,mask\1806.jpg
image\1807.jpg,mask\1807.jpg
image\1808.jpg,mask\1808.jpg
image\1809.jpg,mask\1809.jpg
image\181.jpg,mask\181.jpg
image\1810.jpg,mask\1810.jpg
image\1811.jpg,mask\1811.jpg
image\1812.jpg,mask\1812.jpg
image\1813.jpg,mask\1813.jpg
image\1814.jpg,mask\1814.jpg
image\1815.jpg,mask\1815.jpg
image\1816.jpg,mask\1816.jpg
image\1817.jpg,mask\1817.jpg
image\1818.jpg,mask\1818.jpg
image\1819.jpg,mask\1819.jpg
image\182.jpg,mask\182.jpg
image\1820.jpg,mask\1820.jpg
image\1821.jpg,mask\1821.jpg
image\1822.jpg,mask\1822.jpg
image\1823.jpg,mask\1823.jpg
image\1824.jpg,mask\1824.jpg
image\1825.jpg,mask\1825.jpg
image\1826.jpg,mask\1826.jpg
image\1827.jpg,mask\1827.jpg
image\1828.jpg,mask\1828.jpg
image\1829.jpg,mask\1829.jpg
image\183.jpg,mask\183.jpg
image\1830.jpg,mask\1830.jpg
image\1831.jpg,mask\1831.jpg
image\1832.jpg,mask\1832.jpg
image\1833.jpg,mask\1833.jpg
image\1834.jpg,mask\1834.jpg
image\1835.jpg,mask\1835.jpg
image\1836.jpg,mask\1836.jpg
image\1837.jpg,mask\1837.jpg
image\1838.jpg,mask\1838.jpg
image\1839.jpg,mask\1839.jpg
image\184.jpg,mask\184.jpg
image\1840.jpg,mask\1840.jpg
image\1841.jpg,mask\1841.jpg
image\1842.jpg,mask\1842.jpg
image\1843.jpg,mask\1843.jpg
image\1844.jpg,mask\1844.jpg
image\1845.jpg,mask\1845.jpg
image\1846.jpg,mask\1846.jpg
image\1847.jpg,mask\1847.jpg
image\1848.jpg,mask\1848.jpg
image\1849.jpg,mask\1849.jpg
image\185.jpg,mask\185.jpg
image\1850.jpg,mask\1850.jpg
image\1851.jpg,mask\1851.jpg
image\1852.jpg,mask\1852.jpg
image\1853.jpg,mask\1853.jpg
image\1854.jpg,mask\1854.jpg
image\1855.jpg,mask\1855.jpg
image\1856.jpg,mask\1856.jpg
image\1857.jpg,mask\1857.jpg
image\1858.jpg,mask\1858.jpg
image\1859.jpg,mask\1859.jpg
image\186.jpg,mask\186.jpg
image\1860.jpg,mask\1860.jpg
image\1861.jpg,mask\1861.jpg
image\1862.jpg,mask\1862.jpg
image\1863.jpg,mask\1863.jpg
image\1864.jpg,mask\1864.jpg
image\1865.jpg,mask\1865.jpg
image\1866.jpg,mask\1866.jpg
image\1867.jpg,mask\1867.jpg
image\1868.jpg,mask\1868.jpg
image\1869.jpg,mask\1869.jpg
image\187.jpg,mask\187.jpg
image\1870.jpg,mask\1870.jpg
image\1871.jpg,mask\1871.jpg
image\1872.jpg,mask\1872.jpg
image\1873.jpg,mask\1873.jpg
image\1874.jpg,mask\1874.jpg
image\1875.jpg,mask\1875.jpg
image\1876.jpg,mask\1876.jpg
image\1877.jpg,mask\1877.jpg
image\1878.jpg,mask\1878.jpg
image\1879.jpg,mask\1879.jpg
image\188.jpg,mask\188.jpg
image\1880.jpg,mask\1880.jpg
image\1881.jpg,mask\1881.jpg
image\1882.jpg,mask\1882.jpg
image\1883.jpg,mask\1883.jpg
image\1884.jpg,mask\1884.jpg
image\1885.jpg,mask\1885.jpg
image\1886.jpg,mask\1886.jpg
image\1887.jpg,mask\1887.jpg
image\1888.jpg,mask\1888.jpg
image\1889.jpg,mask\1889.jpg
image\189.jpg,mask\189.jpg
image\1890.jpg,mask\1890.jpg
image\1891.jpg,mask\1891.jpg
image\1892.jpg,mask\1892.jpg
image\1893.jpg,mask\1893.jpg
image\1894.jpg,mask\1894.jpg
image\1895.jpg,mask\1895.jpg
image\1896.jpg,mask\1896.jpg
image\1897.jpg,mask\1897.jpg
image\1898.jpg,mask\1898.jpg
image\1899.jpg,mask\1899.jpg
image\19.jpg,mask\19.jpg
image\190.jpg,mask\190.jpg
image\1900.jpg,mask\1900.jpg
image\1901.jpg,mask\1901.jpg
image\1902.jpg,mask\1902.jpg
image\1903.jpg,mask\1903.jpg
image\1904.jpg,mask\1904.jpg
image\1905.jpg,mask\1905.jpg
image\1906.jpg,mask\1906.jpg
image\1907.jpg,mask\1907.jpg
image\1908.jpg,mask\1908.jpg
image\1909.jpg,mask\1909.jpg
image\191.jpg,mask\191.jpg
image\1910.jpg,mask\1910.jpg
image\1911.jpg,mask\1911.jpg
image\1912.jpg,mask\1912.jpg
image\1913.jpg,mask\1913.jpg
image\1914.jpg,mask\1914.jpg
image\1915.jpg,mask\1915.jpg
image\1916.jpg,mask\1916.jpg
image\1917.jpg,mask\1917.jpg
image\1918.jpg,mask\1918.jpg
image\1919.jpg,mask\1919.jpg
image\192.jpg,mask\192.jpg
image\1920.jpg,mask\1920.jpg
image\1921.jpg,mask\1921.jpg
image\1922.jpg,mask\1922.jpg
image\1923.jpg,mask\1923.jpg
image\1924.jpg,mask\1924.jpg
image\1925.jpg,mask\1925.jpg
image\1926.jpg,mask\1926.jpg
image\1927.jpg,mask\1927.jpg
image\1928.jpg,mask\1928.jpg
image\1929.jpg,mask\1929.jpg
image\193.jpg,mask\193.jpg
image\1930.jpg,mask\1930.jpg
image\1931.jpg,mask\1931.jpg
image\1932.jpg,mask\1932.jpg
image\1933.jpg,mask\1933.jpg
image\1934.jpg,mask\1934.jpg
image\1935.jpg,mask\1935.jpg
image\1936.jpg,mask\1936.jpg
image\1937.jpg,mask\1937.jpg
image\1938.jpg,mask\1938.jpg
image\1939.jpg,mask\1939.jpg
image\194.jpg,mask\194.jpg
image\1940.jpg,mask\1940.jpg
image\1941.jpg,mask\1941.jpg
image\1942.jpg,mask\1942.jpg
image\1943.jpg,mask\1943.jpg
image\1944.jpg,mask\1944.jpg
image\1945.jpg,mask\1945.jpg
image\1946.jpg,mask\1946.jpg
image\1947.jpg,mask\1947.jpg
image\1948.jpg,mask\1948.jpg
image\1949.jpg,mask\1949.jpg
image\195.jpg,mask\195.jpg
image\1950.jpg,mask\1950.jpg
image\1951.jpg,mask\1951.jpg
image\1952.jpg,mask\1952.jpg
image\1953.jpg,mask\1953.jpg
image\1954.jpg,mask\1954.jpg
image\1955.jpg,mask\1955.jpg
image\1956.jpg,mask\1956.jpg
image\1957.jpg,mask\1957.jpg
image\1958.jpg,mask\1958.jpg
image\1959.jpg,mask\1959.jpg
image\196.jpg,mask\196.jpg
image\1960.jpg,mask\1960.jpg
image\1961.jpg,mask\1961.jpg
image\1962.jpg,mask\1962.jpg
image\1963.jpg,mask\1963.jpg
image\1964.jpg,mask\1964.jpg
image\1965.jpg,mask\1965.jpg
image\1966.jpg,mask\1966.jpg
image\1967.jpg,mask\1967.jpg
image\1968.jpg,mask\1968.jpg
image\1969.jpg,mask\1969.jpg
image\197.jpg,mask\197.jpg
image\1970.jpg,mask\1970.jpg
image\1971.jpg,mask\1971.jpg
image\1972.jpg,mask\1972.jpg
image\1973.jpg,mask\1973.jpg
image\1974.jpg,mask\1974.jpg
image\1975.jpg,mask\1975.jpg
image\1976.jpg,mask\1976.jpg
image\1977.jpg,mask\1977.jpg
image\1978.jpg,mask\1978.jpg
image\1979.jpg,mask\1979.jpg
image\198.jpg,mask\198.jpg
image\1980.jpg,mask\1980.jpg
image\1981.jpg,mask\1981.jpg
image\1982.jpg,mask\1982.jpg
image\1983.jpg,mask\1983.jpg
image\1984.jpg,mask\1984.jpg
image\1985.jpg,mask\1985.jpg
image\1986.jpg,mask\1986.jpg
image\1987.jpg,mask\1987.jpg
image\1988.jpg,mask\1988.jpg
image\1989.jpg,mask\1989.jpg
image\199.jpg,mask\199.jpg
image\1990.jpg,mask\1990.jpg
image\1991.jpg,mask\1991.jpg
image\1992.jpg,mask\1992.jpg
image\1993.jpg,mask\1993.jpg
image\1994.jpg,mask\1994.jpg
image\1995.jpg,mask\1995.jpg
image\1996.jpg,mask\1996.jpg
image\1997.jpg,mask\1997.jpg
image\1998.jpg,mask\1998.jpg
image\1999.jpg,mask\1999.jpg
image\2.jpg,mask\2.jpg
image\20.jpg,mask\20.jpg
image\200.jpg,mask\200.jpg
image\2000.jpg,mask\2000.jpg
image\2001.jpg,mask\2001.jpg
image\2002.jpg,mask\2002.jpg
image\2003.jpg,mask\2003.jpg
image\2004.jpg,mask\2004.jpg
image\2005.jpg,mask\2005.jpg
image\2006.jpg,mask\2006.jpg
image\2007.jpg,mask\2007.jpg
image\2008.jpg,mask\2008.jpg
image\2009.jpg,mask\2009.jpg
image\201.jpg,mask\201.jpg
image\2010.jpg,mask\2010.jpg
image\2011.jpg,mask\2011.jpg
image\2012.jpg,mask\2012.jpg
image\2013.jpg,mask\2013.jpg
image\2014.jpg,mask\2014.jpg
image\2015.jpg,mask\2015.jpg
image\2016.jpg,mask\2016.jpg
image\2017.jpg,mask\2017.jpg
image\2018.jpg,mask\2018.jpg
image\2019.jpg,mask\2019.jpg
image\202.jpg,mask\202.jpg
image\2020.jpg,mask\2020.jpg
image\2021.jpg,mask\2021.jpg
image\2022.jpg,mask\2022.jpg
image\2023.jpg,mask\2023.jpg
image\2024.jpg,mask\2024.jpg
image\2025.jpg,mask\2025.jpg
image\2026.jpg,mask\2026.jpg
image\2027.jpg,mask\2027.jpg
image\2028.jpg,mask\2028.jpg
image\2029.jpg,mask\2029.jpg
image\203.jpg,mask\203.jpg
image\2030.jpg,mask\2030.jpg
image\2031.jpg,mask\2031.jpg
image\2032.jpg,mask\2032.jpg
image\2033.jpg,mask\2033.jpg
image\2034.jpg,mask\2034.jpg
image\2035.jpg,mask\2035.jpg
image\2036.jpg,mask\2036.jpg
image\2037.jpg,mask\2037.jpg
image\2038.jpg,mask\2038.jpg
image\2039.jpg,mask\2039.jpg
image\204.jpg,mask\204.jpg
image\2040.jpg,mask\2040.jpg
image\2041.jpg,mask\2041.jpg
image\2042.jpg,mask\2042.jpg
image\2043.jpg,mask\2043.jpg
image\2044.jpg,mask\2044.jpg
image\2045.jpg,mask\2045.jpg
image\2046.jpg,mask\2046.jpg
image\2047.jpg,mask\2047.jpg
image\2048.jpg,mask\2048.jpg
image\2049.jpg,mask\2049.jpg
image\205.jpg,mask\205.jpg
image\2050.jpg,mask\2050.jpg
image\2051.jpg,mask\2051.jpg
image\2052.jpg,mask\2052.jpg
image\2053.jpg,mask\2053.jpg
image\2054.jpg,mask\2054.jpg
image\2055.jpg,mask\2055.jpg
image\2056.jpg,mask\2056.jpg
image\2057.jpg,mask\2057.jpg
image\2058.jpg,mask\2058.jpg
image\2059.jpg,mask\2059.jpg
image\206.jpg,mask\206.jpg
image\2060.jpg,mask\2060.jpg
image\2061.jpg,mask\2061.jpg
image\2062.jpg,mask\2062.jpg
image\2063.jpg,mask\2063.jpg
image\2064.jpg,mask\2064.jpg
image\2065.jpg,mask\2065.jpg
image\2066.jpg,mask\2066.jpg
image\2067.jpg,mask\2067.jpg
image\2068.jpg,mask\2068.jpg
image\2069.jpg,mask\2069.jpg
image\207.jpg,mask\207.jpg
image\2070.jpg,mask\2070.jpg
image\2071.jpg,mask\2071.jpg
image\2072.jpg,mask\2072.jpg
image\2073.jpg,mask\2073.jpg
image\2074.jpg,mask\2074.jpg
image\2075.jpg,mask\2075.jpg
image\2076.jpg,mask\2076.jpg
image\2077.jpg,mask\2077.jpg
image\2078.jpg,mask\2078.jpg
image\2079.jpg,mask\2079.jpg
image\208.jpg,mask\208.jpg
image\2080.jpg,mask\2080.jpg
image\2081.jpg,mask\2081.jpg
image\2082.jpg,mask\2082.jpg
image\2083.jpg,mask\2083.jpg
image\2084.jpg,mask\2084.jpg
image\2085.jpg,mask\2085.jpg
image\2086.jpg,mask\2086.jpg
image\2087.jpg,mask\2087.jpg
image\2088.jpg,mask\2088.jpg
image\2089.jpg,mask\2089.jpg
image\209.jpg,mask\209.jpg
image\2090.jpg,mask\2090.jpg
image\2091.jpg,mask\2091.jpg
image\2092.jpg,mask\2092.jpg
image\2093.jpg,mask\2093.jpg
image\2094.jpg,mask\2094.jpg
image\2095.jpg,mask\2095.jpg
image\2096.jpg,mask\2096.jpg
image\2097.jpg,mask\2097.jpg
image\2098.jpg,mask\2098.jpg
image\2099.jpg,mask\2099.jpg
image\21.jpg,mask\21.jpg
image\210.jpg,mask\210.jpg
image\2100.jpg,mask\2100.jpg
image\2101.jpg,mask\2101.jpg
image\2102.jpg,mask\2102.jpg
image\2103.jpg,mask\2103.jpg
image\2104.jpg,mask\2104.jpg
image\2105.jpg,mask\2105.jpg
image\2106.jpg,mask\2106.jpg
image\2107.jpg,mask\2107.jpg
image\2108.jpg,mask\2108.jpg
image\2109.jpg,mask\2109.jpg
image\211.jpg,mask\211.jpg
image\2110.jpg,mask\2110.jpg
image\2111.jpg,mask\2111.jpg
image\2112.jpg,mask\2112.jpg
image\2113.jpg,mask\2113.jpg
image\2114.jpg,mask\2114.jpg
image\2115.jpg,mask\2115.jpg
image\2116.jpg,mask\2116.jpg
image\2117.jpg,mask\2117.jpg
image\2118.jpg,mask\2118.jpg
image\2119.jpg,mask\2119.jpg
image\212.jpg,mask\212.jpg
image\2120.jpg,mask\2120.jpg
image\2121.jpg,mask\2121.jpg
image\2122.jpg,mask\2122.jpg
image\2123.jpg,mask\2123.jpg
image\2124.jpg,mask\2124.jpg
image\2125.jpg,mask\2125.jpg
image\2126.jpg,mask\2126.jpg
image\2127.jpg,mask\2127.jpg
image\2128.jpg,mask\2128.jpg
image\2129.jpg,mask\2129.jpg
image\213.jpg,mask\213.jpg
image\2130.jpg,mask\2130.jpg
image\2131.jpg,mask\2131.jpg
image\2132.jpg,mask\2132.jpg
image\2133.jpg,mask\2133.jpg
image\2134.jpg,mask\2134.jpg
image\2135.jpg,mask\2135.jpg
image\2136.jpg,mask\2136.jpg
image\2137.jpg,mask\2137.jpg
image\2138.jpg,mask\2138.jpg
image\2139.jpg,mask\2139.jpg
image\214.jpg,mask\214.jpg
image\2140.jpg,mask\2140.jpg
image\2141.jpg,mask\2141.jpg
image\2142.jpg,mask\2142.jpg
image\2143.jpg,mask\2143.jpg
image\2144.jpg,mask\2144.jpg
image\2145.jpg,mask\2145.jpg
image\2146.jpg,mask\2146.jpg
image\2147.jpg,mask\2147.jpg
image\2148.jpg,mask\2148.jpg
image\2149.jpg,mask\2149.jpg
image\215.jpg,mask\215.jpg
image\2150.jpg,mask\2150.jpg
image\2151.jpg,mask\2151.jpg
image\2152.jpg,mask\2152.jpg
image\2153.jpg,mask\2153.jpg
image\2154.jpg,mask\2154.jpg
image\2155.jpg,mask\2155.jpg
image\2156.jpg,mask\2156.jpg
image\2157.jpg,mask\2157.jpg
image\2158.jpg,mask\2158.jpg
image\2159.jpg,mask\2159.jpg
image\216.jpg,mask\216.jpg
image\2160.jpg,mask\2160.jpg
image\2161.jpg,mask\2161.jpg
image\2162.jpg,mask\2162.jpg
image\2163.jpg,mask\2163.jpg
image\2164.jpg,mask\2164.jpg
image\2165.jpg,mask\2165.jpg
image\2166.jpg,mask\2166.jpg
image\2167.jpg,mask\2167.jpg
image\2168.jpg,mask\2168.jpg
image\2169.jpg,mask\2169.jpg
image\217.jpg,mask\217.jpg
image\2170.jpg,mask\2170.jpg
image\2171.jpg,mask\2171.jpg
image\2172.jpg,mask\2172.jpg
image\2173.jpg,mask\2173.jpg
image\2174.jpg,mask\2174.jpg
image\2175.jpg,mask\2175.jpg
image\2176.jpg,mask\2176.jpg
image\2177.jpg,mask\2177.jpg
image\2178.jpg,mask\2178.jpg
image\2179.jpg,mask\2179.jpg
image\218.jpg,mask\218.jpg
image\2180.jpg,mask\2180.jpg
image\2181.jpg,mask\2181.jpg
image\2182.jpg,mask\2182.jpg
image\2183.jpg,mask\2183.jpg
image\2184.jpg,mask\2184.jpg
image\2185.jpg,mask\2185.jpg
image\2186.jpg,mask\2186.jpg
image\2187.jpg,mask\2187.jpg
image\2188.jpg,mask\2188.jpg
image\2189.jpg,mask\2189.jpg
image\219.jpg,mask\219.jpg
image\2190.jpg,mask\2190.jpg
image\2191.jpg,mask\2191.jpg
image\2192.jpg,mask\2192.jpg
image\2193.jpg,mask\2193.jpg
image\2194.jpg,mask\2194.jpg
image\2195.jpg,mask\2195.jpg
image\2196.jpg,mask\2196.jpg
image\2197.jpg,mask\2197.jpg
image\2198.jpg,mask\2198.jpg
image\2199.jpg,mask\2199.jpg
image\22.jpg,mask\22.jpg
image\220.jpg,mask\220.jpg
image\2200.jpg,mask\2200.jpg
image\2201.jpg,mask\2201.jpg
image\2202.jpg,mask\2202.jpg
image\2203.jpg,mask\2203.jpg
image\2204.jpg,mask\2204.jpg
image\2205.jpg,mask\2205.jpg
image\2206.jpg,mask\2206.jpg
image\2207.jpg,mask\2207.jpg
image\2208.jpg,mask\2208.jpg
image\2209.jpg,mask\2209.jpg
image\221.jpg,mask\221.jpg
image\2210.jpg,mask\2210.jpg
image\2211.jpg,mask\2211.jpg
image\2212.jpg,mask\2212.jpg
image\2213.jpg,mask\2213.jpg
image\2214.jpg,mask\2214.jpg
image\2215.jpg,mask\2215.jpg
image\2216.jpg,mask\2216.jpg
image\2217.jpg,mask\2217.jpg
image\2218.jpg,mask\2218.jpg
image\2219.jpg,mask\2219.jpg
image\222.jpg,mask\222.jpg
image\2220.jpg,mask\2220.jpg
image\2221.jpg,mask\2221.jpg
image\2222.jpg,mask\2222.jpg
image\2223.jpg,mask\2223.jpg
image\2224.jpg,mask\2224.jpg
image\2225.jpg,mask\2225.jpg
image\2226.jpg,mask\2226.jpg
image\2227.jpg,mask\2227.jpg
image\2228.jpg,mask\2228.jpg
image\2229.jpg,mask\2229.jpg
image\223.jpg,mask\223.jpg
image\2230.jpg,mask\2230.jpg
image\2231.jpg,mask\2231.jpg
image\2232.jpg,mask\2232.jpg
image\2233.jpg,mask\2233.jpg
image\2234.jpg,mask\2234.jpg
image\2235.jpg,mask\2235.jpg
image\2236.jpg,mask\2236.jpg
image\2237.jpg,mask\2237.jpg
image\2238.jpg,mask\2238.jpg
image\2239.jpg,mask\2239.jpg
image\224.jpg,mask\224.jpg
image\2240.jpg,mask\2240.jpg
image\2241.jpg,mask\2241.jpg
image\2242.jpg,mask\2242.jpg
image\2243.jpg,mask\2243.jpg
image\2244.jpg,mask\2244.jpg
image\2245.jpg,mask\2245.jpg
image\2246.jpg,mask\2246.jpg
image\2247.jpg,mask\2247.jpg
image\2248.jpg,mask\2248.jpg
image\2249.jpg,mask\2249.jpg
image\225.jpg,mask\225.jpg
image\2250.jpg,mask\2250.jpg
image\2251.jpg,mask\2251.jpg
image\2252.jpg,mask\2252.jpg
image\2253.jpg,mask\2253.jpg
image\2254.jpg,mask\2254.jpg
image\2255.jpg,mask\2255.jpg
image\2256.jpg,mask\2256.jpg
image\2257.jpg,mask\2257.jpg
image\2258.jpg,mask\2258.jpg
image\2259.jpg,mask\2259.jpg
image\226.jpg,mask\226.jpg
image\2260.jpg,mask\2260.jpg
image\2261.jpg,mask\2261.jpg
image\2262.jpg,mask\2262.jpg
image\2263.jpg,mask\2263.jpg
image\2264.jpg,mask\2264.jpg
image\2265.jpg,mask\2265.jpg
image\2266.jpg,mask\2266.jpg
image\2267.jpg,mask\2267.jpg
image\2268.jpg,mask\2268.jpg
image\2269.jpg,mask\2269.jpg
image\227.jpg,mask\227.jpg
image\2270.jpg,mask\2270.jpg
image\2271.jpg,mask\2271.jpg
image\2272.jpg,mask\2272.jpg
image\2273.jpg,mask\2273.jpg
image\2274.jpg,mask\2274.jpg
image\2275.jpg,mask\2275.jpg
image\2276.jpg,mask\2276.jpg
image\2277.jpg,mask\2277.jpg
image\2278.jpg,mask\2278.jpg
image\2279.jpg,mask\2279.jpg
image\228.jpg,mask\228.jpg
image\2280.jpg,mask\2280.jpg
image\2281.jpg,mask\2281.jpg
image\2282.jpg,mask\2282.jpg
image\2283.jpg,mask\2283.jpg
image\2284.jpg,mask\2284.jpg
image\2285.jpg,mask\2285.jpg
image\2286.jpg,mask\2286.jpg
image\2287.jpg,mask\2287.jpg
image\2288.jpg,mask\2288.jpg
image\2289.jpg,mask\2289.jpg
image\229.jpg,mask\229.jpg
image\2290.jpg,mask\2290.jpg
image\2291.jpg,mask\2291.jpg
image\2292.jpg,mask\2292.jpg
image\2293.jpg,mask\2293.jpg
image\2294.jpg,mask\2294.jpg
image\2295.jpg,mask\2295.jpg
image\2296.jpg,mask\2296.jpg
image\2297.jpg,mask\2297.jpg
image\2298.jpg,mask\2298.jpg
image\2299.jpg,mask\2299.jpg
image\23.jpg,mask\23.jpg
image\230.jpg,mask\230.jpg
image\2300.jpg,mask\2300.jpg
image\2301.jpg,mask\2301.jpg
image\2302.jpg,mask\2302.jpg
image\2303.jpg,mask\2303.jpg
image\2304.jpg,mask\2304.jpg
image\2305.jpg,mask\2305.jpg
image\2306.jpg,mask\2306.jpg
image\2307.jpg,mask\2307.jpg
image\2308.jpg,mask\2308.jpg
image\2309.jpg,mask\2309.jpg
image\231.jpg,mask\231.jpg
image\2310.jpg,mask\2310.jpg
image\2311.jpg,mask\2311.jpg
image\2312.jpg,mask\2312.jpg
image\2313.jpg,mask\2313.jpg
image\2314.jpg,mask\2314.jpg
image\2315.jpg,mask\2315.jpg
image\2316.jpg,mask\2316.jpg
image\2317.jpg,mask\2317.jpg
image\2318.jpg,mask\2318.jpg
image\2319.jpg,mask\2319.jpg
image\232.jpg,mask\232.jpg
image\2320.jpg,mask\2320.jpg
image\2321.jpg,mask\2321.jpg
image\2322.jpg,mask\2322.jpg
image\2323.jpg,mask\2323.jpg
image\2324.jpg,mask\2324.jpg
image\2325.jpg,mask\2325.jpg
image\2326.jpg,mask\2326.jpg
image\2327.jpg,mask\2327.jpg
image\2328.jpg,mask\2328.jpg
image\2329.jpg,mask\2329.jpg
image\233.jpg,mask\233.jpg
image\2330.jpg,mask\2330.jpg
image\2331.jpg,mask\2331.jpg
image\2332.jpg,mask\2332.jpg
image\2333.jpg,mask\2333.jpg
image\2334.jpg,mask\2334.jpg
image\2335.jpg,mask\2335.jpg
image\2336.jpg,mask\2336.jpg
image\2337.jpg,mask\2337.jpg
image\2338.jpg,mask\2338.jpg
image\2339.jpg,mask\2339.jpg
image\234.jpg,mask\234.jpg
image\2340.jpg,mask\2340.jpg
image\2341.jpg,mask\2341.jpg
image\2342.jpg,mask\2342.jpg
image\2343.jpg,mask\2343.jpg
image\2344.jpg,mask\2344.jpg
image\2345.jpg,mask\2345.jpg
image\2346.jpg,mask\2346.jpg
image\2347.jpg,mask\2347.jpg
image\2348.jpg,mask\2348.jpg
image\2349.jpg,mask\2349.jpg
image\235.jpg,mask\235.jpg
image\2350.jpg,mask\2350.jpg
image\2351.jpg,mask\2351.jpg
image\2352.jpg,mask\2352.jpg
image\2353.jpg,mask\2353.jpg
image\2354.jpg,mask\2354.jpg
image\2355.jpg,mask\2355.jpg
image\2356.jpg,mask\2356.jpg
image\2357.jpg,mask\2357.jpg
image\2358.jpg,mask\2358.jpg
image\2359.jpg,mask\2359.jpg
image\236.jpg,mask\236.jpg
image\2360.jpg,mask\2360.jpg
image\2361.jpg,mask\2361.jpg
image\2362.jpg,mask\2362.jpg
image\2363.jpg,mask\2363.jpg
image\2364.jpg,mask\2364.jpg
image\2365.jpg,mask\2365.jpg
image\2366.jpg,mask\2366.jpg
image\2367.jpg,mask\2367.jpg
image\2368.jpg,mask\2368.jpg
image\2369.jpg,mask\2369.jpg
image\237.jpg,mask\237.jpg
image\2370.jpg,mask\2370.jpg
image\2371.jpg,mask\2371.jpg
image\2372.jpg,mask\2372.jpg
image\2373.jpg,mask\2373.jpg
image\2374.jpg,mask\2374.jpg
image\2375.jpg,mask\2375.jpg
image\2376.jpg,mask\2376.jpg
image\2377.jpg,mask\2377.jpg
image\2378.jpg,mask\2378.jpg
image\2379.jpg,mask\2379.jpg
image\238.jpg,mask\238.jpg
image\2380.jpg,mask\2380.jpg
image\2381.jpg,mask\2381.jpg
image\2382.jpg,mask\2382.jpg
image\2383.jpg,mask\2383.jpg
image\2384.jpg,mask\2384.jpg
image\2385.jpg,mask\2385.jpg
image\2386.jpg,mask\2386.jpg
image\2387.jpg,mask\2387.jpg
image\2388.jpg,mask\2388.jpg
image\2389.jpg,mask\2389.jpg
image\239.jpg,mask\239.jpg
image\2390.jpg,mask\2390.jpg
image\2391.jpg,mask\2391.jpg
image\2392.jpg,mask\2392.jpg
image\2393.jpg,mask\2393.jpg
image\2394.jpg,mask\2394.jpg
image\2395.jpg,mask\2395.jpg
image\2396.jpg,mask\2396.jpg
image\2397.jpg,mask\2397.jpg
image\2398.jpg,mask\2398.jpg
image\2399.jpg,mask\2399.jpg
image\24.jpg,mask\24.jpg
image\240.jpg,mask\240.jpg
image\2400.jpg,mask\2400.jpg
image\2401.jpg,mask\2401.jpg
image\2402.jpg,mask\2402.jpg
image\2403.jpg,mask\2403.jpg
image\2404.jpg,mask\2404.jpg
image\2405.jpg,mask\2405.jpg
image\2406.jpg,mask\2406.jpg
image\2407.jpg,mask\2407.jpg
image\2408.jpg,mask\2408.jpg
image\2409.jpg,mask\2409.jpg
image\241.jpg,mask\241.jpg
image\2410.jpg,mask\2410.jpg
image\2411.jpg,mask\2411.jpg
image\2412.jpg,mask\2412.jpg
image\2413.jpg,mask\2413.jpg
image\2414.jpg,mask\2414.jpg
image\2415.jpg,mask\2415.jpg
image\2416.jpg,mask\2416.jpg
image\2417.jpg,mask\2417.jpg
image\2418.jpg,mask\2418.jpg
image\2419.jpg,mask\2419.jpg
image\242.jpg,mask\242.jpg
image\2420.jpg,mask\2420.jpg
image\2421.jpg,mask\2421.jpg
image\2422.jpg,mask\2422.jpg
image\2423.jpg,mask\2423.jpg
image\2424.jpg,mask\2424.jpg
image\2425.jpg,mask\2425.jpg
image\2426.jpg,mask\2426.jpg
image\2427.jpg,mask\2427.jpg
image\2428.jpg,mask\2428.jpg
image\2429.jpg,mask\2429.jpg
image\243.jpg,mask\243.jpg
image\2430.jpg,mask\2430.jpg
image\2431.jpg,mask\2431.jpg
image\2432.jpg,mask\2432.jpg
image\2433.jpg,mask\2433.jpg
image\2434.jpg,mask\2434.jpg
image\2435.jpg,mask\2435.jpg
image\2436.jpg,mask\2436.jpg
image\2437.jpg,mask\2437.jpg
image\2438.jpg,mask\2438.jpg
image\2439.jpg,mask\2439.jpg
image\244.jpg,mask\244.jpg
image\2440.jpg,mask\2440.jpg
image\2441.jpg,mask\2441.jpg
image\2442.jpg,mask\2442.jpg
image\2443.jpg,mask\2443.jpg
image\2444.jpg,mask\2444.jpg
image\2445.jpg,mask\2445.jpg
image\2446.jpg,mask\2446.jpg
image\2447.jpg,mask\2447.jpg
image\2448.jpg,mask\2448.jpg
image\2449.jpg,mask\2449.jpg
image\245.jpg,mask\245.jpg
image\2450.jpg,mask\2450.jpg
image\2451.jpg,mask\2451.jpg
image\2452.jpg,mask\2452.jpg
image\2453.jpg,mask\2453.jpg
image\2454.jpg,mask\2454.jpg
image\2455.jpg,mask\2455.jpg
image\2456.jpg,mask\2456.jpg
image\2457.jpg,mask\2457.jpg
image\2458.jpg,mask\2458.jpg
image\2459.jpg,mask\2459.jpg
image\246.jpg,mask\246.jpg
image\2460.jpg,mask\2460.jpg
image\2461.jpg,mask\2461.jpg
image\2462.jpg,mask\2462.jpg
image\2463.jpg,mask\2463.jpg
image\2464.jpg,mask\2464.jpg
image\2465.jpg,mask\2465.jpg
image\2466.jpg,mask\2466.jpg
image\2467.jpg,mask\2467.jpg
image\2468.jpg,mask\2468.jpg
image\2469.jpg,mask\2469.jpg
image\247.jpg,mask\247.jpg
image\2470.jpg,mask\2470.jpg
image\2471.jpg,mask\2471.jpg
image\2472.jpg,mask\2472.jpg
image\2473.jpg,mask\2473.jpg
image\2474.jpg,mask\2474.jpg
image\2475.jpg,mask\2475.jpg
image\2476.jpg,mask\2476.jpg
image\2477.jpg,mask\2477.jpg
image\2478.jpg,mask\2478.jpg
image\2479.jpg,mask\2479.jpg
image\248.jpg,mask\248.jpg
image\2480.jpg,mask\2480.jpg
image\2481.jpg,mask\2481.jpg
image\2482.jpg,mask\2482.jpg
image\2483.jpg,mask\2483.jpg
image\2484.jpg,mask\2484.jpg
image\2485.jpg,mask\2485.jpg
image\2486.jpg,mask\2486.jpg
image\2487.jpg,mask\2487.jpg
image\2488.jpg,mask\2488.jpg
image\2489.jpg,mask\2489.jpg
image\249.jpg,mask\249.jpg
image\2490.jpg,mask\2490.jpg
image\2491.jpg,mask\2491.jpg
image\2492.jpg,mask\2492.jpg
image\2493.jpg,mask\2493.jpg
image\2494.jpg,mask\2494.jpg
image\2495.jpg,mask\2495.jpg
image\2496.jpg,mask\2496.jpg
image\2497.jpg,mask\2497.jpg
image\2498.jpg,mask\2498.jpg
image\2499.jpg,mask\2499.jpg
image\25.jpg,mask\25.jpg
image\250.jpg,mask\250.jpg
image\2500.jpg,mask\2500.jpg
image\2501.jpg,mask\2501.jpg
image\2502.jpg,mask\2502.jpg
image\2503.jpg,mask\2503.jpg
image\2504.jpg,mask\2504.jpg
image\2505.jpg,mask\2505.jpg
image\2506.jpg,mask\2506.jpg
image\2507.jpg,mask\2507.jpg
image\2508.jpg,mask\2508.jpg
image\2509.jpg,mask\2509.jpg
image\251.jpg,mask\251.jpg
image\2510.jpg,mask\2510.jpg
image\2511.jpg,mask\2511.jpg
image\2512.jpg,mask\2512.jpg
image\2513.jpg,mask\2513.jpg
image\2514.jpg,mask\2514.jpg
image\2515.jpg,mask\2515.jpg
image\2516.jpg,mask\2516.jpg
image\2517.jpg,mask\2517.jpg
image\2518.jpg,mask\2518.jpg
image\2519.jpg,mask\2519.jpg
image\252.jpg,mask\252.jpg
image\2520.jpg,mask\2520.jpg
image\2521.jpg,mask\2521.jpg
image\2522.jpg,mask\2522.jpg
image\2523.jpg,mask\2523.jpg
image\2524.jpg,mask\2524.jpg
image\2525.jpg,mask\2525.jpg
image\2526.jpg,mask\2526.jpg
image\2527.jpg,mask\2527.jpg
image\2528.jpg,mask\2528.jpg
image\2529.jpg,mask\2529.jpg
image\253.jpg,mask\253.jpg
image\2530.jpg,mask\2530.jpg
image\2531.jpg,mask\2531.jpg
image\2532.jpg,mask\2532.jpg
image\2533.jpg,mask\2533.jpg
image\2534.jpg,mask\2534.jpg
image\2535.jpg,mask\2535.jpg
image\2536.jpg,mask\2536.jpg
image\2537.jpg,mask\2537.jpg
image\2538.jpg,mask\2538.jpg
image\2539.jpg,mask\2539.jpg
image\254.jpg,mask\254.jpg
image\2540.jpg,mask\2540.jpg
image\2541.jpg,mask\2541.jpg
image\2542.jpg,mask\2542.jpg
image\2543.jpg,mask\2543.jpg
image\2544.jpg,mask\2544.jpg
image\2545.jpg,mask\2545.jpg
image\2546.jpg,mask\2546.jpg
image\2547.jpg,mask\2547.jpg
image\2548.jpg,mask\2548.jpg
image\2549.jpg,mask\2549.jpg
image\255.jpg,mask\255.jpg
image\2550.jpg,mask\2550.jpg
image\2551.jpg,mask\2551.jpg
image\2552.jpg,mask\2552.jpg
image\2553.jpg,mask\2553.jpg
image\2554.jpg,mask\2554.jpg
image\2555.jpg,mask\2555.jpg
image\2556.jpg,mask\2556.jpg
image\2557.jpg,mask\2557.jpg
image\2558.jpg,mask\2558.jpg
image\2559.jpg,mask\2559.jpg
image\256.jpg,mask\256.jpg
image\2560.jpg,mask\2560.jpg
image\2561.jpg,mask\2561.jpg
image\2562.jpg,mask\2562.jpg
image\2563.jpg,mask\2563.jpg
image\2564.jpg,mask\2564.jpg
image\2565.jpg,mask\2565.jpg
image\2566.jpg,mask\2566.jpg
image\2567.jpg,mask\2567.jpg
image\2568.jpg,mask\2568.jpg
image\2569.jpg,mask\2569.jpg
image\257.jpg,mask\257.jpg
image\2570.jpg,mask\2570.jpg
image\2571.jpg,mask\2571.jpg
image\2572.jpg,mask\2572.jpg
image\2573.jpg,mask\2573.jpg
image\2574.jpg,mask\2574.jpg
image\2575.jpg,mask\2575.jpg
image\2576.jpg,mask\2576.jpg
image\2577.jpg,mask\2577.jpg
image\2578.jpg,mask\2578.jpg
image\2579.jpg,mask\2579.jpg
image\258.jpg,mask\258.jpg
image\2580.jpg,mask\2580.jpg
image\2581.jpg,mask\2581.jpg
image\2582.jpg,mask\2582.jpg
image\2583.jpg,mask\2583.jpg
image\2584.jpg,mask\2584.jpg
image\2585.jpg,mask\2585.jpg
image\2586.jpg,mask\2586.jpg
image\2587.jpg,mask\2587.jpg
image\2588.jpg,mask\2588.jpg
image\2589.jpg,mask\2589.jpg
image\259.jpg,mask\259.jpg
image\2590.jpg,mask\2590.jpg
image\2591.jpg,mask\2591.jpg
image\2592.jpg,mask\2592.jpg
image\2593.jpg,mask\2593.jpg
image\2594.jpg,mask\2594.jpg
image\2595.jpg,mask\2595.jpg
image\2596.jpg,mask\2596.jpg
image\2597.jpg,mask\2597.jpg
image\2598.jpg,mask\2598.jpg
image\2599.jpg,mask\2599.jpg
image\26.jpg,mask\26.jpg
image\260.jpg,mask\260.jpg
image\2600.jpg,mask\2600.jpg
image\2601.jpg,mask\2601.jpg
image\2602.jpg,mask\2602.jpg
image\2603.jpg,mask\2603.jpg
image\2604.jpg,mask\2604.jpg
image\2605.jpg,mask\2605.jpg
image\2606.jpg,mask\2606.jpg
image\2607.jpg,mask\2607.jpg
image\2608.jpg,mask\2608.jpg
image\2609.jpg,mask\2609.jpg
image\261.jpg,mask\261.jpg
image\2610.jpg,mask\2610.jpg
image\2611.jpg,mask\2611.jpg
image\2612.jpg,mask\2612.jpg
image\2613.jpg,mask\2613.jpg
image\2614.jpg,mask\2614.jpg
image\2615.jpg,mask\2615.jpg
image\2616.jpg,mask\2616.jpg
image\2617.jpg,mask\2617.jpg
image\2618.jpg,mask\2618.jpg
image\2619.jpg,mask\2619.jpg
image\262.jpg,mask\262.jpg
image\2620.jpg,mask\2620.jpg
image\2621.jpg,mask\2621.jpg
image\2622.jpg,mask\2622.jpg
image\2623.jpg,mask\2623.jpg
image\2624.jpg,mask\2624.jpg
image\2625.jpg,mask\2625.jpg
image\2626.jpg,mask\2626.jpg
image\2627.jpg,mask\2627.jpg
image\2628.jpg,mask\2628.jpg
image\2629.jpg,mask\2629.jpg
image\263.jpg,mask\263.jpg
image\2630.jpg,mask\2630.jpg
image\2631.jpg,mask\2631.jpg
image\2632.jpg,mask\2632.jpg
image\2633.jpg,mask\2633.jpg
image\2634.jpg,mask\2634.jpg
image\2635.jpg,mask\2635.jpg
image\2636.jpg,mask\2636.jpg
image\2637.jpg,mask\2637.jpg
image\2638.jpg,mask\2638.jpg
image\2639.jpg,mask\2639.jpg
image\264.jpg,mask\264.jpg
image\2640.jpg,mask\2640.jpg
image\2641.jpg,mask\2641.jpg
image\2642.jpg,mask\2642.jpg
image\2643.jpg,mask\2643.jpg
image\2644.jpg,mask\2644.jpg
image\2645.jpg,mask\2645.jpg
image\2646.jpg,mask\2646.jpg
image\2647.jpg,mask\2647.jpg
image\2648.jpg,mask\2648.jpg
image\2649.jpg,mask\2649.jpg
image\265.jpg,mask\265.jpg
image\2650.jpg,mask\2650.jpg
image\2651.jpg,mask\2651.jpg
image\2652.jpg,mask\2652.jpg
image\2653.jpg,mask\2653.jpg
image\2654.jpg,mask\2654.jpg
image\2655.jpg,mask\2655.jpg
image\2656.jpg,mask\2656.jpg
image\2657.jpg,mask\2657.jpg
image\2658.jpg,mask\2658.jpg
image\2659.jpg,mask\2659.jpg
image\266.jpg,mask\266.jpg
image\2660.jpg,mask\2660.jpg
image\2661.jpg,mask\2661.jpg
image\2662.jpg,mask\2662.jpg
image\2663.jpg,mask\2663.jpg
image\2664.jpg,mask\2664.jpg
image\2665.jpg,mask\2665.jpg
image\2666.jpg,mask\2666.jpg
image\2667.jpg,mask\2667.jpg
image\2668.jpg,mask\2668.jpg
image\2669.jpg,mask\2669.jpg
image\267.jpg,mask\267.jpg
image\2670.jpg,mask\2670.jpg
image\2671.jpg,mask\2671.jpg
image\2672.jpg,mask\2672.jpg
image\2673.jpg,mask\2673.jpg
image\2674.jpg,mask\2674.jpg
image\2675.jpg,mask\2675.jpg
image\2676.jpg,mask\2676.jpg
image\2677.jpg,mask\2677.jpg
image\2678.jpg,mask\2678.jpg
image\2679.jpg,mask\2679.jpg
image\268.jpg,mask\268.jpg
image\2680.jpg,mask\2680.jpg
image\2681.jpg,mask\2681.jpg
image\2682.jpg,mask\2682.jpg
image\2683.jpg,mask\2683.jpg
image\2684.jpg,mask\2684.jpg
image\2685.jpg,mask\2685.jpg
image\2686.jpg,mask\2686.jpg
image\2687.jpg,mask\2687.jpg
image\2688.jpg,mask\2688.jpg
image\2689.jpg,mask\2689.jpg
image\269.jpg,mask\269.jpg
image\2690.jpg,mask\2690.jpg
image\2691.jpg,mask\2691.jpg
image\2692.jpg,mask\2692.jpg
image\2693.jpg,mask\2693.jpg
image\2694.jpg,mask\2694.jpg
image\2695.jpg,mask\2695.jpg
image\2696.jpg,mask\2696.jpg
image\2697.jpg,mask\2697.jpg
image\2698.jpg,mask\2698.jpg
image\2699.jpg,mask\2699.jpg
image\27.jpg,mask\27.jpg
image\270.jpg,mask\270.jpg
image\2700.jpg,mask\2700.jpg
image\2701.jpg,mask\2701.jpg
image\2702.jpg,mask\2702.jpg
image\2703.jpg,mask\2703.jpg
image\2704.jpg,mask\2704.jpg
image\2705.jpg,mask\2705.jpg
image\2706.jpg,mask\2706.jpg
image\2707.jpg,mask\2707.jpg
image\2708.jpg,mask\2708.jpg
image\2709.jpg,mask\2709.jpg
image\271.jpg,mask\271.jpg
image\2710.jpg,mask\2710.jpg
image\2711.jpg,mask\2711.jpg
image\2712.jpg,mask\2712.jpg
image\2713.jpg,mask\2713.jpg
image\2714.jpg,mask\2714.jpg
image\2715.jpg,mask\2715.jpg
image\2716.jpg,mask\2716.jpg
image\2717.jpg,mask\2717.jpg
image\2718.jpg,mask\2718.jpg
image\2719.jpg,mask\2719.jpg
image\272.jpg,mask\272.jpg
image\2720.jpg,mask\2720.jpg
image\2721.jpg,mask\2721.jpg
image\2722.jpg,mask\2722.jpg
image\2723.jpg,mask\2723.jpg
image\2724.jpg,mask\2724.jpg
image\2725.jpg,mask\2725.jpg
image\2726.jpg,mask\2726.jpg
image\2727.jpg,mask\2727.jpg
image\2728.jpg,mask\2728.jpg
image\2729.jpg,mask\2729.jpg
image\273.jpg,mask\273.jpg
image\2730.jpg,mask\2730.jpg
image\2731.jpg,mask\2731.jpg
image\2732.jpg,mask\2732.jpg
image\2733.jpg,mask\2733.jpg
image\2734.jpg,mask\2734.jpg
image\2735.jpg,mask\2735.jpg
image\2736.jpg,mask\2736.jpg
image\2737.jpg,mask\2737.jpg
image\2738.jpg,mask\2738.jpg
image\2739.jpg,mask\2739.jpg
image\274.jpg,mask\274.jpg
image\2740.jpg,mask\2740.jpg
image\2741.jpg,mask\2741.jpg
image\2742.jpg,mask\2742.jpg
image\2743.jpg,mask\2743.jpg
image\2744.jpg,mask\2744.jpg
image\2745.jpg,mask\2745.jpg
image\2746.jpg,mask\2746.jpg
image\2747.jpg,mask\2747.jpg
image\2748.jpg,mask\2748.jpg
image\2749.jpg,mask\2749.jpg
image\275.jpg,mask\275.jpg
image\2750.jpg,mask\2750.jpg
image\2751.jpg,mask\2751.jpg
image\2752.jpg,mask\2752.jpg
image\2753.jpg,mask\2753.jpg
image\2754.jpg,mask\2754.jpg
image\2755.jpg,mask\2755.jpg
image\2756.jpg,mask\2756.jpg
image\2757.jpg,mask\2757.jpg
image\2758.jpg,mask\2758.jpg
image\2759.jpg,mask\2759.jpg
image\276.jpg,mask\276.jpg
image\2760.jpg,mask\2760.jpg
image\2761.jpg,mask\2761.jpg
image\2762.jpg,mask\2762.jpg
image\2763.jpg,mask\2763.jpg
image\2764.jpg,mask\2764.jpg
image\2765.jpg,mask\2765.jpg
image\2766.jpg,mask\2766.jpg
image\2767.jpg,mask\2767.jpg
image\2768.jpg,mask\2768.jpg
image\2769.jpg,mask\2769.jpg
image\277.jpg,mask\277.jpg
image\2770.jpg,mask\2770.jpg
image\2771.jpg,mask\2771.jpg
image\2772.jpg,mask\2772.jpg
image\2773.jpg,mask\2773.jpg
image\2774.jpg,mask\2774.jpg
image\2775.jpg,mask\2775.jpg
image\2776.jpg,mask\2776.jpg
image\2777.jpg,mask\2777.jpg
image\2778.jpg,mask\2778.jpg
image\2779.jpg,mask\2779.jpg
image\278.jpg,mask\278.jpg
image\2780.jpg,mask\2780.jpg
image\2781.jpg,mask\2781.jpg
image\2782.jpg,mask\2782.jpg
image\2783.jpg,mask\2783.jpg
image\2784.jpg,mask\2784.jpg
image\2785.jpg,mask\2785.jpg
image\2786.jpg,mask\2786.jpg
image\2787.jpg,mask\2787.jpg
image\2788.jpg,mask\2788.jpg
image\2789.jpg,mask\2789.jpg
image\279.jpg,mask\279.jpg
image\2790.jpg,mask\2790.jpg
image\2791.jpg,mask\2791.jpg
image\2792.jpg,mask\2792.jpg
image\2793.jpg,mask\2793.jpg
image\2794.jpg,mask\2794.jpg
image\2795.jpg,mask\2795.jpg
image\2796.jpg,mask\2796.jpg
image\2797.jpg,mask\2797.jpg
image\2798.jpg,mask\2798.jpg
image\2799.jpg,mask\2799.jpg
image\28.jpg,mask\28.jpg
image\280.jpg,mask\280.jpg
image\2800.jpg,mask\2800.jpg
image\2801.jpg,mask\2801.jpg
image\2802.jpg,mask\2802.jpg
image\2803.jpg,mask\2803.jpg
image\2804.jpg,mask\2804.jpg
image\2805.jpg,mask\2805.jpg
image\2806.jpg,mask\2806.jpg
image\2807.jpg,mask\2807.jpg
image\2808.jpg,mask\2808.jpg
image\2809.jpg,mask\2809.jpg
image\281.jpg,mask\281.jpg
image\2810.jpg,mask\2810.jpg
image\2811.jpg,mask\2811.jpg
image\2812.jpg,mask\2812.jpg
image\2813.jpg,mask\2813.jpg
image\2814.jpg,mask\2814.jpg
image\2815.jpg,mask\2815.jpg
image\2816.jpg,mask\2816.jpg
image\2817.jpg,mask\2817.jpg
image\2818.jpg,mask\2818.jpg
image\2819.jpg,mask\2819.jpg
image\282.jpg,mask\282.jpg
image\2820.jpg,mask\2820.jpg
image\2821.jpg,mask\2821.jpg
image\2822.jpg,mask\2822.jpg
image\2823.jpg,mask\2823.jpg
image\2824.jpg,mask\2824.jpg
image\2825.jpg,mask\2825.jpg
image\2826.jpg,mask\2826.jpg
image\2827.jpg,mask\2827.jpg
image\2828.jpg,mask\2828.jpg
image\2829.jpg,mask\2829.jpg
image\283.jpg,mask\283.jpg
image\2830.jpg,mask\2830.jpg
image\2831.jpg,mask\2831.jpg
image\2832.jpg,mask\2832.jpg
image\2833.jpg,mask\2833.jpg
image\2834.jpg,mask\2834.jpg
image\2835.jpg,mask\2835.jpg
image\2836.jpg,mask\2836.jpg
image\2837.jpg,mask\2837.jpg
image\2838.jpg,mask\2838.jpg
image\2839.jpg,mask\2839.jpg
image\284.jpg,mask\284.jpg
image\2840.jpg,mask\2840.jpg
image\2841.jpg,mask\2841.jpg
image\2842.jpg,mask\2842.jpg
image\2843.jpg,mask\2843.jpg
image\2844.jpg,mask\2844.jpg
image\2845.jpg,mask\2845.jpg
image\2846.jpg,mask\2846.jpg
image\2847.jpg,mask\2847.jpg
image\2848.jpg,mask\2848.jpg
image\2849.jpg,mask\2849.jpg
image\285.jpg,mask\285.jpg
image\2850.jpg,mask\2850.jpg
image\2851.jpg,mask\2851.jpg
image\2852.jpg,mask\2852.jpg
image\2853.jpg,mask\2853.jpg
image\2854.jpg,mask\2854.jpg
image\2855.jpg,mask\2855.jpg
image\2856.jpg,mask\2856.jpg
image\2857.jpg,mask\2857.jpg
image\2858.jpg,mask\2858.jpg
image\2859.jpg,mask\2859.jpg
image\286.jpg,mask\286.jpg
image\2860.jpg,mask\2860.jpg
image\2861.jpg,mask\2861.jpg
image\2862.jpg,mask\2862.jpg
image\2863.jpg,mask\2863.jpg
image\2864.jpg,mask\2864.jpg
image\2865.jpg,mask\2865.jpg
image\2866.jpg,mask\2866.jpg
image\2867.jpg,mask\2867.jpg
image\2868.jpg,mask\2868.jpg
image\2869.jpg,mask\2869.jpg
image\287.jpg,mask\287.jpg
image\2870.jpg,mask\2870.jpg
image\2871.jpg,mask\2871.jpg
image\2872.jpg,mask\2872.jpg
image\2873.jpg,mask\2873.jpg
image\2874.jpg,mask\2874.jpg
image\2875.jpg,mask\2875.jpg
image\2876.jpg,mask\2876.jpg
image\2877.jpg,mask\2877.jpg
image\2878.jpg,mask\2878.jpg
image\2879.jpg,mask\2879.jpg
image\288.jpg,mask\288.jpg
image\2880.jpg,mask\2880.jpg
image\2881.jpg,mask\2881.jpg
image\2882.jpg,mask\2882.jpg
image\2883.jpg,mask\2883.jpg
image\2884.jpg,mask\2884.jpg
image\2885.jpg,mask\2885.jpg
image\2886.jpg,mask\2886.jpg
image\2887.jpg,mask\2887.jpg
image\2888.jpg,mask\2888.jpg
image\2889.jpg,mask\2889.jpg
image\289.jpg,mask\289.jpg
image\2890.jpg,mask\2890.jpg
image\2891.jpg,mask\2891.jpg
image\2892.jpg,mask\2892.jpg
image\2893.jpg,mask\2893.jpg
image\2894.jpg,mask\2894.jpg
image\2895.jpg,mask\2895.jpg
image\2896.jpg,mask\2896.jpg
image\2897.jpg,mask\2897.jpg
image\2898.jpg,mask\2898.jpg
image\2899.jpg,mask\2899.jpg
image\29.jpg,mask\29.jpg
image\290.jpg,mask\290.jpg
image\2900.jpg,mask\2900.jpg
image\2901.jpg,mask\2901.jpg
image\2902.jpg,mask\2902.jpg
image\2903.jpg,mask\2903.jpg
image\2904.jpg,mask\2904.jpg
image\2905.jpg,mask\2905.jpg
image\2906.jpg,mask\2906.jpg
image\2907.jpg,mask\2907.jpg
image\2908.jpg,mask\2908.jpg
image\2909.jpg,mask\2909.jpg
image\291.jpg,mask\291.jpg
image\2910.jpg,mask\2910.jpg
image\2911.jpg,mask\2911.jpg
image\2912.jpg,mask\2912.jpg
image\2913.jpg,mask\2913.jpg
image\2914.jpg,mask\2914.jpg
image\2915.jpg,mask\2915.jpg
image\2916.jpg,mask\2916.jpg
image\2917.jpg,mask\2917.jpg
image\2918.jpg,mask\2918.jpg
image\2919.jpg,mask\2919.jpg
image\292.jpg,mask\292.jpg
image\2920.jpg,mask\2920.jpg
image\2921.jpg,mask\2921.jpg
image\2922.jpg,mask\2922.jpg
image\2923.jpg,mask\2923.jpg
image\2924.jpg,mask\2924.jpg
image\2925.jpg,mask\2925.jpg
image\2926.jpg,mask\2926.jpg
image\2927.jpg,mask\2927.jpg
image\2928.jpg,mask\2928.jpg
image\2929.jpg,mask\2929.jpg
image\293.jpg,mask\293.jpg
image\2930.jpg,mask\2930.jpg
image\2931.jpg,mask\2931.jpg
image\2932.jpg,mask\2932.jpg
image\2933.jpg,mask\2933.jpg
image\2934.jpg,mask\2934.jpg
image\2935.jpg,mask\2935.jpg
image\2936.jpg,mask\2936.jpg
image\2937.jpg,mask\2937.jpg
image\2938.jpg,mask\2938.jpg
image\2939.jpg,mask\2939.jpg
image\294.jpg,mask\294.jpg
image\2940.jpg,mask\2940.jpg
image\2941.jpg,mask\2941.jpg
image\2942.jpg,mask\2942.jpg
image\2943.jpg,mask\2943.jpg
image\2944.jpg,mask\2944.jpg
image\2945.jpg,mask\2945.jpg
image\2946.jpg,mask\2946.jpg
image\2947.jpg,mask\2947.jpg
image\2948.jpg,mask\2948.jpg
image\2949.jpg,mask\2949.jpg
image\295.jpg,mask\295.jpg
image\2950.jpg,mask\2950.jpg
image\2951.jpg,mask\2951.jpg
image\2952.jpg,mask\2952.jpg
image\2953.jpg,mask\2953.jpg
image\2954.jpg,mask\2954.jpg
image\2955.jpg,mask\2955.jpg
image\2956.jpg,mask\2956.jpg
image\2957.jpg,mask\2957.jpg
image\2958.jpg,mask\2958.jpg
image\2959.jpg,mask\2959.jpg
image\296.jpg,mask\296.jpg
image\2960.jpg,mask\2960.jpg
image\2961.jpg,mask\2961.jpg
image\2962.jpg,mask\2962.jpg
image\2963.jpg,mask\2963.jpg
image\2964.jpg,mask\2964.jpg
image\2965.jpg,mask\2965.jpg
image\2966.jpg,mask\2966.jpg
image\2967.jpg,mask\2967.jpg
image\2968.jpg,mask\2968.jpg
image\2969.jpg,mask\2969.jpg
image\297.jpg,mask\297.jpg
image\2970.jpg,mask\2970.jpg
image\2971.jpg,mask\2971.jpg
image\2972.jpg,mask\2972.jpg
image\2973.jpg,mask\2973.jpg
image\2974.jpg,mask\2974.jpg
image\2975.jpg,mask\2975.jpg
image\298.jpg,mask\298.jpg
image\299.jpg,mask\299.jpg
image\3.jpg,mask\3.jpg
image\30.jpg,mask\30.jpg
image\300.jpg,mask\300.jpg
image\301.jpg,mask\301.jpg
image\302.jpg,mask\302.jpg
image\303.jpg,mask\303.jpg
image\304.jpg,mask\304.jpg
image\305.jpg,mask\305.jpg
image\306.jpg,mask\306.jpg
image\307.jpg,mask\307.jpg
image\308.jpg,mask\308.jpg
image\309.jpg,mask\309.jpg
image\31.jpg,mask\31.jpg
image\310.jpg,mask\310.jpg
image\311.jpg,mask\311.jpg
image\312.jpg,mask\312.jpg
image\313.jpg,mask\313.jpg
image\314.jpg,mask\314.jpg
image\315.jpg,mask\315.jpg
image\316.jpg,mask\316.jpg
image\317.jpg,mask\317.jpg
image\318.jpg,mask\318.jpg
image\319.jpg,mask\319.jpg
image\32.jpg,mask\32.jpg
image\320.jpg,mask\320.jpg
image\321.jpg,mask\321.jpg
image\322.jpg,mask\322.jpg
image\323.jpg,mask\323.jpg
image\324.jpg,mask\324.jpg
image\325.jpg,mask\325.jpg
image\326.jpg,mask\326.jpg
image\327.jpg,mask\327.jpg
image\328.jpg,mask\328.jpg
image\329.jpg,mask\329.jpg
image\33.jpg,mask\33.jpg
image\330.jpg,mask\330.jpg
image\331.jpg,mask\331.jpg
image\332.jpg,mask\332.jpg
image\333.jpg,mask\333.jpg
image\334.jpg,mask\334.jpg
image\335.jpg,mask\335.jpg
image\336.jpg,mask\336.jpg
image\337.jpg,mask\337.jpg
image\338.jpg,mask\338.jpg
image\339.jpg,mask\339.jpg
image\34.jpg,mask\34.jpg
image\340.jpg,mask\340.jpg
image\341.jpg,mask\341.jpg
image\342.jpg,mask\342.jpg
image\343.jpg,mask\343.jpg
image\344.jpg,mask\344.jpg
image\345.jpg,mask\345.jpg
image\346.jpg,mask\346.jpg
image\347.jpg,mask\347.jpg
image\348.jpg,mask\348.jpg
image\349.jpg,mask\349.jpg
image\35.jpg,mask\35.jpg
image\350.jpg,mask\350.jpg
image\351.jpg,mask\351.jpg
image\352.jpg,mask\352.jpg
image\353.jpg,mask\353.jpg
image\354.jpg,mask\354.jpg
image\355.jpg,mask\355.jpg
image\356.jpg,mask\356.jpg
image\357.jpg,mask\357.jpg
image\358.jpg,mask\358.jpg
image\359.jpg,mask\359.jpg
image\36.jpg,mask\36.jpg
image\360.jpg,mask\360.jpg
image\361.jpg,mask\361.jpg
image\362.jpg,mask\362.jpg
image\363.jpg,mask\363.jpg
image\364.jpg,mask\364.jpg
image\365.jpg,mask\365.jpg
image\366.jpg,mask\366.jpg
image\367.jpg,mask\367.jpg
image\368.jpg,mask\368.jpg
image\369.jpg,mask\369.jpg
image\37.jpg,mask\37.jpg
image\370.jpg,mask\370.jpg
image\371.jpg,mask\371.jpg
image\372.jpg,mask\372.jpg
image\373.jpg,mask\373.jpg
image\374.jpg,mask\374.jpg
image\375.jpg,mask\375.jpg
image\376.jpg,mask\376.jpg
image\377.jpg,mask\377.jpg
image\378.jpg,mask\378.jpg
image\379.jpg,mask\379.jpg
image\38.jpg,mask\38.jpg
image\380.jpg,mask\380.jpg
image\381.jpg,mask\381.jpg
image\382.jpg,mask\382.jpg
image\383.jpg,mask\383.jpg
image\384.jpg,mask\384.jpg
image\385.jpg,mask\385.jpg
image\386.jpg,mask\386.jpg
image\387.jpg,mask\387.jpg
image\388.jpg,mask\388.jpg
image\389.jpg,mask\389.jpg
image\39.jpg,mask\39.jpg
image\390.jpg,mask\390.jpg
image\391.jpg,mask\391.jpg
image\392.jpg,mask\392.jpg
image\393.jpg,mask\393.jpg
image\394.jpg,mask\394.jpg
image\395.jpg,mask\395.jpg
image\396.jpg,mask\396.jpg
image\397.jpg,mask\397.jpg
image\398.jpg,mask\398.jpg
image\399.jpg,mask\399.jpg
image\4.jpg,mask\4.jpg
image\40.jpg,mask\40.jpg
image\400.jpg,mask\400.jpg
image\401.jpg,mask\401.jpg
image\402.jpg,mask\402.jpg
image\403.jpg,mask\403.jpg
image\404.jpg,mask\404.jpg
image\405.jpg,mask\405.jpg
image\406.jpg,mask\406.jpg
image\407.jpg,mask\407.jpg
image\408.jpg,mask\408.jpg
image\409.jpg,mask\409.jpg
image\41.jpg,mask\41.jpg
image\410.jpg,mask\410.jpg
image\411.jpg,mask\411.jpg
image\412.jpg,mask\412.jpg
image\413.jpg,mask\413.jpg
image\414.jpg,mask\414.jpg
image\415.jpg,mask\415.jpg
image\416.jpg,mask\416.jpg
image\417.jpg,mask\417.jpg
image\418.jpg,mask\418.jpg
image\419.jpg,mask\419.jpg
image\42.jpg,mask\42.jpg
image\420.jpg,mask\420.jpg
image\421.jpg,mask\421.jpg
image\422.jpg,mask\422.jpg
image\423.jpg,mask\423.jpg
image\424.jpg,mask\424.jpg
image\425.jpg,mask\425.jpg
image\426.jpg,mask\426.jpg
image\427.jpg,mask\427.jpg
image\428.jpg,mask\428.jpg
image\429.jpg,mask\429.jpg
image\43.jpg,mask\43.jpg
image\430.jpg,mask\430.jpg
image\431.jpg,mask\431.jpg
image\432.jpg,mask\432.jpg
image\433.jpg,mask\433.jpg
image\434.jpg,mask\434.jpg
image\435.jpg,mask\435.jpg
image\436.jpg,mask\436.jpg
image\437.jpg,mask\437.jpg
image\438.jpg,mask\438.jpg
image\439.jpg,mask\439.jpg
image\44.jpg,mask\44.jpg
image\440.jpg,mask\440.jpg
image\441.jpg,mask\441.jpg
image\442.jpg,mask\442.jpg
image\443.jpg,mask\443.jpg
image\444.jpg,mask\444.jpg
image\445.jpg,mask\445.jpg
image\446.jpg,mask\446.jpg
image\447.jpg,mask\447.jpg
image\448.jpg,mask\448.jpg
image\449.jpg,mask\449.jpg
image\45.jpg,mask\45.jpg
image\450.jpg,mask\450.jpg
image\451.jpg,mask\451.jpg
image\452.jpg,mask\452.jpg
image\453.jpg,mask\453.jpg
image\454.jpg,mask\454.jpg
image\455.jpg,mask\455.jpg
image\456.jpg,mask\456.jpg
image\457.jpg,mask\457.jpg
image\458.jpg,mask\458.jpg
image\459.jpg,mask\459.jpg
image\46.jpg,mask\46.jpg
image\460.jpg,mask\460.jpg
image\461.jpg,mask\461.jpg
image\462.jpg,mask\462.jpg
image\463.jpg,mask\463.jpg
image\464.jpg,mask\464.jpg
image\465.jpg,mask\465.jpg
image\466.jpg,mask\466.jpg
image\467.jpg,mask\467.jpg
image\468.jpg,mask\468.jpg
image\469.jpg,mask\469.jpg
image\47.jpg,mask\47.jpg
image\470.jpg,mask\470.jpg
image\471.jpg,mask\471.jpg
image\472.jpg,mask\472.jpg
image\473.jpg,mask\473.jpg
image\474.jpg,mask\474.jpg
image\475.jpg,mask\475.jpg
image\476.jpg,mask\476.jpg
image\477.jpg,mask\477.jpg
image\478.jpg,mask\478.jpg
image\479.jpg,mask\479.jpg
image\48.jpg,mask\48.jpg
image\480.jpg,mask\480.jpg
image\481.jpg,mask\481.jpg
image\482.jpg,mask\482.jpg
image\483.jpg,mask\483.jpg
image\484.jpg,mask\484.jpg
image\485.jpg,mask\485.jpg
image\486.jpg,mask\486.jpg
image\487.jpg,mask\487.jpg
image\488.jpg,mask\488.jpg
image\489.jpg,mask\489.jpg
image\49.jpg,mask\49.jpg
image\490.jpg,mask\490.jpg
image\491.jpg,mask\491.jpg
image\492.jpg,mask\492.jpg
image\493.jpg,mask\493.jpg
image\494.jpg,mask\494.jpg
image\495.jpg,mask\495.jpg
image\496.jpg,mask\496.jpg
image\497.jpg,mask\497.jpg
image\498.jpg,mask\498.jpg
image\499.jpg,mask\499.jpg
image\5.jpg,mask\5.jpg
image\50.jpg,mask\50.jpg
image\500.jpg,mask\500.jpg
image\501.jpg,mask\501.jpg
image\502.jpg,mask\502.jpg
image\503.jpg,mask\503.jpg
image\504.jpg,mask\504.jpg
image\505.jpg,mask\505.jpg
image\506.jpg,mask\506.jpg
image\507.jpg,mask\507.jpg
image\508.jpg,mask\508.jpg
image\509.jpg,mask\509.jpg
image\51.jpg,mask\51.jpg
image\510.jpg,mask\510.jpg
image\511.jpg,mask\511.jpg
image\512.jpg,mask\512.jpg
image\513.jpg,mask\513.jpg
image\514.jpg,mask\514.jpg
image\515.jpg,mask\515.jpg
image\516.jpg,mask\516.jpg
image\517.jpg,mask\517.jpg
image\518.jpg,mask\518.jpg
image\519.jpg,mask\519.jpg
image\52.jpg,mask\52.jpg
image\520.jpg,mask\520.jpg
image\521.jpg,mask\521.jpg
image\522.jpg,mask\522.jpg
image\523.jpg,mask\523.jpg
image\524.jpg,mask\524.jpg
image\525.jpg,mask\525.jpg
image\526.jpg,mask\526.jpg
image\527.jpg,mask\527.jpg
image\528.jpg,mask\528.jpg
image\529.jpg,mask\529.jpg
image\53.jpg,mask\53.jpg
image\530.jpg,mask\530.jpg
image\531.jpg,mask\531.jpg
image\532.jpg,mask\532.jpg
image\533.jpg,mask\533.jpg
image\534.jpg,mask\534.jpg
image\535.jpg,mask\535.jpg
image\536.jpg,mask\536.jpg
image\537.jpg,mask\537.jpg
image\538.jpg,mask\538.jpg
image\539.jpg,mask\539.jpg
image\54.jpg,mask\54.jpg
image\540.jpg,mask\540.jpg
image\541.jpg,mask\541.jpg
image\542.jpg,mask\542.jpg
image\543.jpg,mask\543.jpg
image\544.jpg,mask\544.jpg
image\545.jpg,mask\545.jpg
image\546.jpg,mask\546.jpg
image\547.jpg,mask\547.jpg
image\548.jpg,mask\548.jpg
image\549.jpg,mask\549.jpg
image\55.jpg,mask\55.jpg
image\550.jpg,mask\550.jpg
image\551.jpg,mask\551.jpg
image\552.jpg,mask\552.jpg
image\553.jpg,mask\553.jpg
image\554.jpg,mask\554.jpg
image\555.jpg,mask\555.jpg
image\556.jpg,mask\556.jpg
image\557.jpg,mask\557.jpg
image\558.jpg,mask\558.jpg
image\559.jpg,mask\559.jpg
image\56.jpg,mask\56.jpg
image\560.jpg,mask\560.jpg
image\561.jpg,mask\561.jpg
image\562.jpg,mask\562.jpg
image\563.jpg,mask\563.jpg
image\564.jpg,mask\564.jpg
image\565.jpg,mask\565.jpg
image\566.jpg,mask\566.jpg
image\567.jpg,mask\567.jpg
image\568.jpg,mask\568.jpg
image\569.jpg,mask\569.jpg
image\57.jpg,mask\57.jpg
image\570.jpg,mask\570.jpg
image\571.jpg,mask\571.jpg
image\572.jpg,mask\572.jpg
image\573.jpg,mask\573.jpg
image\574.jpg,mask\574.jpg
image\575.jpg,mask\575.jpg
image\576.jpg,mask\576.jpg
image\577.jpg,mask\577.jpg
image\578.jpg,mask\578.jpg
image\579.jpg,mask\579.jpg
image\58.jpg,mask\58.jpg
image\580.jpg,mask\580.jpg
image\581.jpg,mask\581.jpg
image\582.jpg,mask\582.jpg
image\583.jpg,mask\583.jpg
image\584.jpg,mask\584.jpg
image\585.jpg,mask\585.jpg
image\586.jpg,mask\586.jpg
image\587.jpg,mask\587.jpg
image\588.jpg,mask\588.jpg
image\589.jpg,mask\589.jpg
image\59.jpg,mask\59.jpg
image\590.jpg,mask\590.jpg
image\591.jpg,mask\591.jpg
image\592.jpg,mask\592.jpg
image\593.jpg,mask\593.jpg
image\594.jpg,mask\594.jpg
image\595.jpg,mask\595.jpg
image\596.jpg,mask\596.jpg
image\597.jpg,mask\597.jpg
image\598.jpg,mask\598.jpg
image\599.jpg,mask\599.jpg
image\6.jpg,mask\6.jpg
image\60.jpg,mask\60.jpg
image\600.jpg,mask\600.jpg
image\601.jpg,mask\601.jpg
image\602.jpg,mask\602.jpg
image\603.jpg,mask\603.jpg
image\604.jpg,mask\604.jpg
image\605.jpg,mask\605.jpg
image\606.jpg,mask\606.jpg
image\607.jpg,mask\607.jpg
image\608.jpg,mask\608.jpg
image\609.jpg,mask\609.jpg
image\61.jpg,mask\61.jpg
image\610.jpg,mask\610.jpg
image\611.jpg,mask\611.jpg
image\612.jpg,mask\612.jpg
image\613.jpg,mask\613.jpg
image\614.jpg,mask\614.jpg
image\615.jpg,mask\615.jpg
image\616.jpg,mask\616.jpg
image\617.jpg,mask\617.jpg
image\618.jpg,mask\618.jpg
image\619.jpg,mask\619.jpg
image\62.jpg,mask\62.jpg
image\620.jpg,mask\620.jpg
image\621.jpg,mask\621.jpg
image\622.jpg,mask\622.jpg
image\623.jpg,mask\623.jpg
image\624.jpg,mask\624.jpg
image\625.jpg,mask\625.jpg
image\626.jpg,mask\626.jpg
image\627.jpg,mask\627.jpg
image\628.jpg,mask\628.jpg
image\629.jpg,mask\629.jpg
image\63.jpg,mask\63.jpg
image\630.jpg,mask\630.jpg
image\631.jpg,mask\631.jpg
image\632.jpg,mask\632.jpg
image\633.jpg,mask\633.jpg
image\634.jpg,mask\634.jpg
image\635.jpg,mask\635.jpg
image\636.jpg,mask\636.jpg
image\637.jpg,mask\637.jpg
image\638.jpg,mask\638.jpg
image\639.jpg,mask\639.jpg
image\64.jpg,mask\64.jpg
image\640.jpg,mask\640.jpg
image\641.jpg,mask\641.jpg
image\642.jpg,mask\642.jpg
image\643.jpg,mask\643.jpg
image\644.jpg,mask\644.jpg
image\645.jpg,mask\645.jpg
image\646.jpg,mask\646.jpg
image\647.jpg,mask\647.jpg
image\648.jpg,mask\648.jpg
image\649.jpg,mask\649.jpg
image\65.jpg,mask\65.jpg
image\650.jpg,mask\650.jpg
image\651.jpg,mask\651.jpg
image\652.jpg,mask\652.jpg
image\653.jpg,mask\653.jpg
image\654.jpg,mask\654.jpg
image\655.jpg,mask\655.jpg
image\656.jpg,mask\656.jpg
image\657.jpg,mask\657.jpg
image\658.jpg,mask\658.jpg
image\659.jpg,mask\659.jpg
image\66.jpg,mask\66.jpg
image\660.jpg,mask\660.jpg
image\661.jpg,mask\661.jpg
image\662.jpg,mask\662.jpg
image\663.jpg,mask\663.jpg
image\664.jpg,mask\664.jpg
image\665.jpg,mask\665.jpg
image\666.jpg,mask\666.jpg
image\667.jpg,mask\667.jpg
image\668.jpg,mask\668.jpg
image\669.jpg,mask\669.jpg
image\67.jpg,mask\67.jpg
image\670.jpg,mask\670.jpg
image\671.jpg,mask\671.jpg
image\672.jpg,mask\672.jpg
image\673.jpg,mask\673.jpg
image\674.jpg,mask\674.jpg
image\675.jpg,mask\675.jpg
image\676.jpg,mask\676.jpg
image\677.jpg,mask\677.jpg
image\678.jpg,mask\678.jpg
image\679.jpg,mask\679.jpg
image\68.jpg,mask\68.jpg
image\680.jpg,mask\680.jpg
image\681.jpg,mask\681.jpg
image\682.jpg,mask\682.jpg
image\683.jpg,mask\683.jpg
image\684.jpg,mask\684.jpg
image\685.jpg,mask\685.jpg
image\686.jpg,mask\686.jpg
image\687.jpg,mask\687.jpg
image\688.jpg,mask\688.jpg
image\689.jpg,mask\689.jpg
image\69.jpg,mask\69.jpg
image\690.jpg,mask\690.jpg
image\691.jpg,mask\691.jpg
image\692.jpg,mask\692.jpg
image\693.jpg,mask\693.jpg
image\694.jpg,mask\694.jpg
image\695.jpg,mask\695.jpg
image\696.jpg,mask\696.jpg
image\697.jpg,mask\697.jpg
image\698.jpg,mask\698.jpg
image\699.jpg,mask\699.jpg
image\7.jpg,mask\7.jpg
image\70.jpg,mask\70.jpg
image\700.jpg,mask\700.jpg
image\701.jpg,mask\701.jpg
image\702.jpg,mask\702.jpg
image\703.jpg,mask\703.jpg
image\704.jpg,mask\704.jpg
image\705.jpg,mask\705.jpg
image\706.jpg,mask\706.jpg
image\707.jpg,mask\707.jpg
image\708.jpg,mask\708.jpg
image\709.jpg,mask\709.jpg
image\71.jpg,mask\71.jpg
image\710.jpg,mask\710.jpg
image\711.jpg,mask\711.jpg
image\712.jpg,mask\712.jpg
image\713.jpg,mask\713.jpg
image\714.jpg,mask\714.jpg
image\715.jpg,mask\715.jpg
image\716.jpg,mask\716.jpg
image\717.jpg,mask\717.jpg
image\718.jpg,mask\718.jpg
image\719.jpg,mask\719.jpg
image\72.jpg,mask\72.jpg
image\720.jpg,mask\720.jpg
image\721.jpg,mask\721.jpg
image\722.jpg,mask\722.jpg
image\723.jpg,mask\723.jpg
image\724.jpg,mask\724.jpg
image\725.jpg,mask\725.jpg
image\726.jpg,mask\726.jpg
image\727.jpg,mask\727.jpg
image\728.jpg,mask\728.jpg
image\729.jpg,mask\729.jpg
image\73.jpg,mask\73.jpg
image\730.jpg,mask\730.jpg
image\731.jpg,mask\731.jpg
image\732.jpg,mask\732.jpg
image\733.jpg,mask\733.jpg
image\734.jpg,mask\734.jpg
image\735.jpg,mask\735.jpg
image\736.jpg,mask\736.jpg
image\737.jpg,mask\737.jpg
image\738.jpg,mask\738.jpg
image\739.jpg,mask\739.jpg
image\74.jpg,mask\74.jpg
image\740.jpg,mask\740.jpg
image\741.jpg,mask\741.jpg
image\742.jpg,mask\742.jpg
image\743.jpg,mask\743.jpg
image\744.jpg,mask\744.jpg
image\745.jpg,mask\745.jpg
image\746.jpg,mask\746.jpg
image\747.jpg,mask\747.jpg
image\748.jpg,mask\748.jpg
image\749.jpg,mask\749.jpg
image\75.jpg,mask\75.jpg
image\750.jpg,mask\750.jpg
image\751.jpg,mask\751.jpg
image\752.jpg,mask\752.jpg
image\753.jpg,mask\753.jpg
image\754.jpg,mask\754.jpg
image\755.jpg,mask\755.jpg
image\756.jpg,mask\756.jpg
image\757.jpg,mask\757.jpg
image\758.jpg,mask\758.jpg
image\759.jpg,mask\759.jpg
image\76.jpg,mask\76.jpg
image\760.jpg,mask\760.jpg
image\761.jpg,mask\761.jpg
image\762.jpg,mask\762.jpg
image\763.jpg,mask\763.jpg
image\764.jpg,mask\764.jpg
image\765.jpg,mask\765.jpg
image\766.jpg,mask\766.jpg
image\767.jpg,mask\767.jpg
image\768.jpg,mask\768.jpg
image\769.jpg,mask\769.jpg
image\77.jpg,mask\77.jpg
image\770.jpg,mask\770.jpg
image\771.jpg,mask\771.jpg
image\772.jpg,mask\772.jpg
image\773.jpg,mask\773.jpg
image\774.jpg,mask\774.jpg
image\775.jpg,mask\775.jpg
image\776.jpg,mask\776.jpg
image\777.jpg,mask\777.jpg
image\778.jpg,mask\778.jpg
image\779.jpg,mask\779.jpg
image\78.jpg,mask\78.jpg
image\780.jpg,mask\780.jpg
image\781.jpg,mask\781.jpg
image\782.jpg,mask\782.jpg
image\783.jpg,mask\783.jpg
image\784.jpg,mask\784.jpg
image\785.jpg,mask\785.jpg
image\786.jpg,mask\786.jpg
image\787.jpg,mask\787.jpg
image\788.jpg,mask\788.jpg
image\789.jpg,mask\789.jpg
image\79.jpg,mask\79.jpg
image\790.jpg,mask\790.jpg
image\791.jpg,mask\791.jpg
image\792.jpg,mask\792.jpg
image\793.jpg,mask\793.jpg
image\794.jpg,mask\794.jpg
image\795.jpg,mask\795.jpg
image\796.jpg,mask\796.jpg
image\797.jpg,mask\797.jpg
image\798.jpg,mask\798.jpg
image\799.jpg,mask\799.jpg
image\8.jpg,mask\8.jpg
image\80.jpg,mask\80.jpg
image\800.jpg,mask\800.jpg
image\801.jpg,mask\801.jpg
image\802.jpg,mask\802.jpg
image\803.jpg,mask\803.jpg
image\804.jpg,mask\804.jpg
image\805.jpg,mask\805.jpg
image\806.jpg,mask\806.jpg
image\807.jpg,mask\807.jpg
image\808.jpg,mask\808.jpg
image\809.jpg,mask\809.jpg
image\81.jpg,mask\81.jpg
image\810.jpg,mask\810.jpg
image\811.jpg,mask\811.jpg
image\812.jpg,mask\812.jpg
image\813.jpg,mask\813.jpg
image\814.jpg,mask\814.jpg
image\815.jpg,mask\815.jpg
image\816.jpg,mask\816.jpg
image\817.jpg,mask\817.jpg
image\818.jpg,mask\818.jpg
image\819.jpg,mask\819.jpg
image\82.jpg,mask\82.jpg
image\820.jpg,mask\820.jpg
image\821.jpg,mask\821.jpg
image\822.jpg,mask\822.jpg
image\823.jpg,mask\823.jpg
image\824.jpg,mask\824.jpg
image\825.jpg,mask\825.jpg
image\826.jpg,mask\826.jpg
image\827.jpg,mask\827.jpg
image\828.jpg,mask\828.jpg
image\829.jpg,mask\829.jpg
image\83.jpg,mask\83.jpg
image\830.jpg,mask\830.jpg
image\831.jpg,mask\831.jpg
image\832.jpg,mask\832.jpg
image\833.jpg,mask\833.jpg
image\834.jpg,mask\834.jpg
image\835.jpg,mask\835.jpg
image\836.jpg,mask\836.jpg
image\837.jpg,mask\837.jpg
image\838.jpg,mask\838.jpg
image\839.jpg,mask\839.jpg
image\84.jpg,mask\84.jpg
image\840.jpg,mask\840.jpg
image\841.jpg,mask\841.jpg
image\842.jpg,mask\842.jpg
image\843.jpg,mask\843.jpg
image\844.jpg,mask\844.jpg
image\845.jpg,mask\845.jpg
image\846.jpg,mask\846.jpg
image\847.jpg,mask\847.jpg
image\848.jpg,mask\848.jpg
image\849.jpg,mask\849.jpg
image\85.jpg,mask\85.jpg
image\850.jpg,mask\850.jpg
image\851.jpg,mask\851.jpg
image\852.jpg,mask\852.jpg
image\853.jpg,mask\853.jpg
image\854.jpg,mask\854.jpg
image\855.jpg,mask\855.jpg
image\856.jpg,mask\856.jpg
image\857.jpg,mask\857.jpg
image\858.jpg,mask\858.jpg
image\859.jpg,mask\859.jpg
image\86.jpg,mask\86.jpg
image\860.jpg,mask\860.jpg
image\861.jpg,mask\861.jpg
image\862.jpg,mask\862.jpg
image\863.jpg,mask\863.jpg
image\864.jpg,mask\864.jpg
image\865.jpg,mask\865.jpg
image\866.jpg,mask\866.jpg
image\867.jpg,mask\867.jpg
image\868.jpg,mask\868.jpg
image\869.jpg,mask\869.jpg
image\87.jpg,mask\87.jpg
image\870.jpg,mask\870.jpg
image\871.jpg,mask\871.jpg
image\872.jpg,mask\872.jpg
image\873.jpg,mask\873.jpg
image\874.jpg,mask\874.jpg
image\875.jpg,mask\875.jpg
image\876.jpg,mask\876.jpg
image\877.jpg,mask\877.jpg
image\878.jpg,mask\878.jpg
image\879.jpg,mask\879.jpg
image\88.jpg,mask\88.jpg
image\880.jpg,mask\880.jpg
image\881.jpg,mask\881.jpg
image\882.jpg,mask\882.jpg
image\883.jpg,mask\883.jpg
image\884.jpg,mask\884.jpg
image\885.jpg,mask\885.jpg
image\886.jpg,mask\886.jpg
image\887.jpg,mask\887.jpg
image\888.jpg,mask\888.jpg
image\889.jpg,mask\889.jpg
image\89.jpg,mask\89.jpg
image\890.jpg,mask\890.jpg
image\891.jpg,mask\891.jpg
image\892.jpg,mask\892.jpg
image\893.jpg,mask\893.jpg
image\894.jpg,mask\894.jpg
image\895.jpg,mask\895.jpg
image\896.jpg,mask\896.jpg
image\897.jpg,mask\897.jpg
image\898.jpg,mask\898.jpg
image\899.jpg,mask\899.jpg
image\9.jpg,mask\9.jpg
image\90.jpg,mask\90.jpg
image\900.jpg,mask\900.jpg
image\901.jpg,mask\901.jpg
image\902.jpg,mask\902.jpg
image\903.jpg,mask\903.jpg
image\904.jpg,mask\904.jpg
image\905.jpg,mask\905.jpg
image\906.jpg,mask\906.jpg
image\907.jpg,mask\907.jpg
image\908.jpg,mask\908.jpg
image\909.jpg,mask\909.jpg
image\91.jpg,mask\91.jpg
image\910.jpg,mask\910.jpg
image\911.jpg,mask\911.jpg
image\912.jpg,mask\912.jpg
image\913.jpg,mask\913.jpg
image\914.jpg,mask\914.jpg
image\915.jpg,mask\915.jpg
image\916.jpg,mask\916.jpg
image\917.jpg,mask\917.jpg
image\918.jpg,mask\918.jpg
image\919.jpg,mask\919.jpg
image\92.jpg,mask\92.jpg
image\920.jpg,mask\920.jpg
image\921.jpg,mask\921.jpg
image\922.jpg,mask\922.jpg
image\923.jpg,mask\923.jpg
image\924.jpg,mask\924.jpg
image\925.jpg,mask\925.jpg
image\926.jpg,mask\926.jpg
image\927.jpg,mask\927.jpg
image\928.jpg,mask\928.jpg
image\929.jpg,mask\929.jpg
image\93.jpg,mask\93.jpg
image\930.jpg,mask\930.jpg
image\931.jpg,mask\931.jpg
image\932.jpg,mask\932.jpg
image\933.jpg,mask\933.jpg
image\934.jpg,mask\934.jpg
image\935.jpg,mask\935.jpg
image\936.jpg,mask\936.jpg
image\937.jpg,mask\937.jpg
image\938.jpg,mask\938.jpg
image\939.jpg,mask\939.jpg
image\94.jpg,mask\94.jpg
image\940.jpg,mask\940.jpg
image\941.jpg,mask\941.jpg
image\942.jpg,mask\942.jpg
image\943.jpg,mask\943.jpg
image\944.jpg,mask\944.jpg
image\945.jpg,mask\945.jpg
image\946.jpg,mask\946.jpg
image\947.jpg,mask\947.jpg
image\948.jpg,mask\948.jpg
image\949.jpg,mask\949.jpg
image\95.jpg,mask\95.jpg
image\950.jpg,mask\950.jpg
image\951.jpg,mask\951.jpg
image\952.jpg,mask\952.jpg
image\953.jpg,mask\953.jpg
image\954.jpg,mask\954.jpg
image\955.jpg,mask\955.jpg
image\956.jpg,mask\956.jpg
image\957.jpg,mask\957.jpg
image\958.jpg,mask\958.jpg
image\959.jpg,mask\959.jpg
image\96.jpg,mask\96.jpg
image\960.jpg,mask\960.jpg
image\961.jpg,mask\961.jpg
image\962.jpg,mask\962.jpg
image\963.jpg,mask\963.jpg
image\964.jpg,mask\964.jpg
image\965.jpg,mask\965.jpg
image\966.jpg,mask\966.jpg
image\967.jpg,mask\967.jpg
image\968.jpg,mask\968.jpg
image\969.jpg,mask\969.jpg
image\97.jpg,mask\97.jpg
image\970.jpg,mask\970.jpg
image\971.jpg,mask\971.jpg
image\972.jpg,mask\972.jpg
image\973.jpg,mask\973.jpg
image\974.jpg,mask\974.jpg
image\975.jpg,mask\975.jpg
image\976.jpg,mask\976.jpg
image\977.jpg,mask\977.jpg
image\978.jpg,mask\978.jpg
image\979.jpg,mask\979.jpg
image\98.jpg,mask\98.jpg
image\980.jpg,mask\980.jpg
image\981.jpg,mask\981.jpg
image\982.jpg,mask\982.jpg
image\983.jpg,mask\983.jpg
image\984.jpg,mask\984.jpg
image\985.jpg,mask\985.jpg
image\986.jpg,mask\986.jpg
image\987.jpg,mask\987.jpg
image\988.jpg,mask\988.jpg
image\989.jpg,mask\989.jpg
image\99.jpg,mask\99.jpg
image\990.jpg,mask\990.jpg
image\991.jpg,mask\991.jpg
image\992.jpg,mask\992.jpg
image\993.jpg,mask\993.jpg
image\994.jpg,mask\994.jpg
image\995.jpg,mask\995.jpg
image\996.jpg,mask\996.jpg
image\997.jpg,mask\997.jpg
image\998.jpg,mask\998.jpg
image\999.jpg,mask\999.jpg
